variable,mean,median,sd,mad,q5,q95,rhat,ess_bulk,ess_tail
id[1],3148,3148,0,0,3148,3148,NA,NA,NA
id[2],3161,3161,0,0,3161,3161,NA,NA,NA
id[3],3223,3223,0,0,3223,3223,NA,NA,NA
id[4],3298,3298,0,0,3298,3298,NA,NA,NA
id[5],3365,3365,0,0,3365,3365,NA,NA,NA
id[6],3461,3461,0,0,3461,3461,NA,NA,NA
id[7],3595,3595,0,0,3595,3595,NA,NA,NA
id[8],3649,3649,0,0,3649,3649,NA,NA,NA
id[9],3733,3733,0,0,3733,3733,NA,NA,NA
id[10],3783,3783,0,0,3783,3783,NA,NA,NA
id[11],3916,3916,0,0,3916,3916,NA,NA,NA
id[12],4067,4067,0,0,4067,4067,NA,NA,NA
id[13],4126,4126,0,0,4126,4126,NA,NA,NA
id[14],4131,4131,0,0,4131,4131,NA,NA,NA
id[15],4157,4157,0,0,4157,4157,NA,NA,NA
id[16],4191,4191,0,0,4191,4191,NA,NA,NA
id[17],4239,4239,0,0,4239,4239,NA,NA,NA
id[18],4534,4534,0,0,4534,4534,NA,NA,NA
id[19],4539,4539,0,0,4539,4539,NA,NA,NA
id[20],4614,4614,0,0,4614,4614,NA,NA,NA
id[21],4883,4883,0,0,4883,4883,NA,NA,NA
id[22],5199,5199,0,0,5199,5199,NA,NA,NA
id[23],5442,5442,0,0,5442,5442,NA,NA,NA
id[24],5487,5487,0,0,5487,5487,NA,NA,NA
id[25],5489,5489,0,0,5489,5489,NA,NA,NA
id[26],5531,5531,0,0,5531,5531,NA,NA,NA
id[27],5699,5699,0,0,5699,5699,NA,NA,NA
id[28],5753,5753,0,0,5753,5753,NA,NA,NA
id[29],5907,5907,0,0,5907,5907,NA,NA,NA
id[30],5908,5908,0,0,5908,5908,NA,NA,NA
id[31],5942,5942,0,0,5942,5942,NA,NA,NA
id[32],6157,6157,0,0,6157,6157,NA,NA,NA
id[33],6308,6308,0,0,6308,6308,NA,NA,NA
id[34],6411,6411,0,0,6411,6411,NA,NA,NA
id[35],7289,7289,0,0,7289,7289,NA,NA,NA
id[36],7391,7391,0,0,7391,7391,NA,NA,NA
id[37],7623,7623,0,0,7623,7623,NA,NA,NA
id[38],7926,7926,0,0,7926,7926,NA,NA,NA
id[39],8324,8324,0,0,8324,8324,NA,NA,NA
id[40],8377,8377,0,0,8377,8377,NA,NA,NA
id[41],8637,8637,0,0,8637,8637,NA,NA,NA
id[42],8709,8709,0,0,8709,8709,NA,NA,NA
id[43],8783,8783,0,0,8783,8783,NA,NA,NA
id[44],9022,9022,0,0,9022,9022,NA,NA,NA
id[45],9049,9049,0,0,9049,9049,NA,NA,NA
id[46],9341,9341,0,0,9341,9341,NA,NA,NA
id[47],9884,9884,0,0,9884,9884,NA,NA,NA
id[48],10320,10320,0,0,10320,10320,NA,NA,NA
id[49],10654,10654,0,0,10654,10654,NA,NA,NA
id[50],10660,10660,0,0,10660,10660,NA,NA,NA
id[51],10702,10702,0,0,10702,10702,NA,NA,NA
id[52],11216,11216,0,0,11216,11216,NA,NA,NA
id[53],11362,11362,0,0,11362,11362,NA,NA,NA
id[54],11391,11391,0,0,11391,11391,NA,NA,NA
id[55],11432,11432,0,0,11432,11432,NA,NA,NA
id[56],11454,11454,0,0,11454,11454,NA,NA,NA
id[57],11612,11612,0,0,11612,11612,NA,NA,NA
id[58],11684,11684,0,0,11684,11684,NA,NA,NA
id[59],11738,11738,0,0,11738,11738,NA,NA,NA
id[60],11763,11763,0,0,11763,11763,NA,NA,NA
id[61],11933,11933,0,0,11933,11933,NA,NA,NA
id[62],11965,11965,0,0,11965,11965,NA,NA,NA
id[63],12015,12015,0,0,12015,12015,NA,NA,NA
id[64],12044,12044,0,0,12044,12044,NA,NA,NA
id[65],12082,12082,0,0,12082,12082,NA,NA,NA
id[66],12208,12208,0,0,12208,12208,NA,NA,NA
id[67],12242,12242,0,0,12242,12242,NA,NA,NA
id[68],12247,12247,0,0,12247,12247,NA,NA,NA
id[69],12309,12309,0,0,12309,12309,NA,NA,NA
id[70],12342,12342,0,0,12342,12342,NA,NA,NA
id[71],12532,12532,0,0,12532,12532,NA,NA,NA
id[72],12614,12614,0,0,12614,12614,NA,NA,NA
id[73],12840,12840,0,0,12840,12840,NA,NA,NA
id[74],12984,12984,0,0,12984,12984,NA,NA,NA
id[75],13154,13154,0,0,13154,13154,NA,NA,NA
id[76],13173,13173,0,0,13173,13173,NA,NA,NA
id[77],13296,13296,0,0,13296,13296,NA,NA,NA
id[78],13655,13655,0,0,13655,13655,NA,NA,NA
id[79],13804,13804,0,0,13804,13804,NA,NA,NA
id[80],13985,13985,0,0,13985,13985,NA,NA,NA
id[81],14091,14091,0,0,14091,14091,NA,NA,NA
id[82],14158,14158,0,0,14158,14158,NA,NA,NA
id[83],14370,14370,0,0,14370,14370,NA,NA,NA
id[84],14434,14434,0,0,14434,14434,NA,NA,NA
id[85],14687,14687,0,0,14687,14687,NA,NA,NA
id[86],14954,14954,0,0,14954,14954,NA,NA,NA
id[87],14965,14965,0,0,14965,14965,NA,NA,NA
id[88],14994,14994,0,0,14994,14994,NA,NA,NA
id[89],15048,15048,0,0,15048,15048,NA,NA,NA
id[90],15151,15151,0,0,15151,15151,NA,NA,NA
id[91],15194,15194,0,0,15194,15194,NA,NA,NA
id[92],15232,15232,0,0,15232,15232,NA,NA,NA
id[93],15327,15327,0,0,15327,15327,NA,NA,NA
id[94],15396,15396,0,0,15396,15396,NA,NA,NA
id[95],15493,15493,0,0,15493,15493,NA,NA,NA
id[96],15595,15595,0,0,15595,15595,NA,NA,NA
id[97],15750,15750,0,0,15750,15750,NA,NA,NA
id[98],15781,15781,0,0,15781,15781,NA,NA,NA
id[99],15876,15876,0,0,15876,15876,NA,NA,NA
id[100],16002,16002,0,0,16002,16002,NA,NA,NA
id[101],16138,16138,0,0,16138,16138,NA,NA,NA
id[102],16214,16214,0,0,16214,16214,NA,NA,NA
id[103],16322,16322,0,0,16322,16322,NA,NA,NA
id[104],16386,16386,0,0,16386,16386,NA,NA,NA
id[105],16712,16712,0,0,16712,16712,NA,NA,NA
id[106],16876,16876,0,0,16876,16876,NA,NA,NA
id[107],17019,17019,0,0,17019,17019,NA,NA,NA
id[108],17031,17031,0,0,17031,17031,NA,NA,NA
id[109],17649,17649,0,0,17649,17649,NA,NA,NA
id[110],17674,17674,0,0,17674,17674,NA,NA,NA
id[111],17827,17827,0,0,17827,17827,NA,NA,NA
id[112],17847,17847,0,0,17847,17847,NA,NA,NA
id[113],17951,17951,0,0,17951,17951,NA,NA,NA
id[114],17986,17986,0,0,17986,17986,NA,NA,NA
id[115],18070,18070,0,0,18070,18070,NA,NA,NA
id[116],18088,18088,0,0,18088,18088,NA,NA,NA
id[117],18346,18346,0,0,18346,18346,NA,NA,NA
id[118],18538,18538,0,0,18538,18538,NA,NA,NA
id[119],18567,18567,0,0,18567,18567,NA,NA,NA
id[120],18707,18707,0,0,18707,18707,NA,NA,NA
id[121],18747,18747,0,0,18747,18747,NA,NA,NA
id[122],19039,19039,0,0,19039,19039,NA,NA,NA
id[123],19455,19455,0,0,19455,19455,NA,NA,NA
id[124],19521,19521,0,0,19521,19521,NA,NA,NA
id[125],19602,19602,0,0,19602,19602,NA,NA,NA
id[126],19629,19629,0,0,19629,19629,NA,NA,NA
id[127],20007,20007,0,0,20007,20007,NA,NA,NA
id[128],20018,20018,0,0,20018,20018,NA,NA,NA
id[129],20306,20306,0,0,20306,20306,NA,NA,NA
id[130],20332,20332,0,0,20332,20332,NA,NA,NA
id[131],20368,20368,0,0,20368,20368,NA,NA,NA
id[132],20433,20433,0,0,20433,20433,NA,NA,NA
id[133],20653,20653,0,0,20653,20653,NA,NA,NA
id[134],20787,20787,0,0,20787,20787,NA,NA,NA
id[135],20864,20864,0,0,20864,20864,NA,NA,NA
id[136],20967,20967,0,0,20967,20967,NA,NA,NA
id[137],21016,21016,0,0,21016,21016,NA,NA,NA
id[138],21107,21107,0,0,21107,21107,NA,NA,NA
id[139],21414,21414,0,0,21414,21414,NA,NA,NA
id[140],21815,21815,0,0,21815,21815,NA,NA,NA
id[141],21840,21840,0,0,21840,21840,NA,NA,NA
id[142],21861,21861,0,0,21861,21861,NA,NA,NA
id[143],22020,22020,0,0,22020,22020,NA,NA,NA
id[144],22246,22246,0,0,22246,22246,NA,NA,NA
id[145],22327,22327,0,0,22327,22327,NA,NA,NA
id[146],22354,22354,0,0,22354,22354,NA,NA,NA
id[147],22534,22534,0,0,22534,22534,NA,NA,NA
id[148],22597,22597,0,0,22597,22597,NA,NA,NA
id[149],22764,22764,0,0,22764,22764,NA,NA,NA
id[150],22769,22769,0,0,22769,22769,NA,NA,NA
id[151],22795,22795,0,0,22795,22795,NA,NA,NA
id[152],22824,22824,0,0,22824,22824,NA,NA,NA
id[153],22854,22854,0,0,22854,22854,NA,NA,NA
id[154],22864,22864,0,0,22864,22864,NA,NA,NA
id[155],23123,23123,0,0,23123,23123,NA,NA,NA
id[156],23229,23229,0,0,23229,23229,NA,NA,NA
id[157],23281,23281,0,0,23281,23281,NA,NA,NA
id[158],23412,23412,0,0,23412,23412,NA,NA,NA
id[159],23557,23557,0,0,23557,23557,NA,NA,NA
id[160],23585,23585,0,0,23585,23585,NA,NA,NA
id[161],23611,23611,0,0,23611,23611,NA,NA,NA
id[162],23659,23659,0,0,23659,23659,NA,NA,NA
id[163],23868,23868,0,0,23868,23868,NA,NA,NA
id[164],24040,24040,0,0,24040,24040,NA,NA,NA
id[165],24051,24051,0,0,24051,24051,NA,NA,NA
id[166],24082,24082,0,0,24082,24082,NA,NA,NA
id[167],24167,24167,0,0,24167,24167,NA,NA,NA
id[168],24230,24230,0,0,24230,24230,NA,NA,NA
id[169],24271,24271,0,0,24271,24271,NA,NA,NA
id[170],24313,24313,0,0,24313,24313,NA,NA,NA
id[171],24613,24613,0,0,24613,24613,NA,NA,NA
id[172],24926,24926,0,0,24926,24926,NA,NA,NA
id[173],24937,24937,0,0,24937,24937,NA,NA,NA
id[174],24961,24961,0,0,24961,24961,NA,NA,NA
id[175],25169,25169,0,0,25169,25169,NA,NA,NA
id[176],25207,25207,0,0,25207,25207,NA,NA,NA
id[177],25221,25221,0,0,25221,25221,NA,NA,NA
id[178],25296,25296,0,0,25296,25296,NA,NA,NA
id[179],25299,25299,0,0,25299,25299,NA,NA,NA
id[180],25368,25368,0,0,25368,25368,NA,NA,NA
id[181],25403,25403,0,0,25403,25403,NA,NA,NA
id[182],25410,25410,0,0,25410,25410,NA,NA,NA
id[183],25505,25505,0,0,25505,25505,NA,NA,NA
id[184],25508,25508,0,0,25508,25508,NA,NA,NA
id[185],25635,25635,0,0,25635,25635,NA,NA,NA
id[186],25694,25694,0,0,25694,25694,NA,NA,NA
id[187],26006,26006,0,0,26006,26006,NA,NA,NA
id[188],26359,26359,0,0,26359,26359,NA,NA,NA
id[189],26507,26507,0,0,26507,26507,NA,NA,NA
id[190],26655,26655,0,0,26655,26655,NA,NA,NA
id[191],26721,26721,0,0,26721,26721,NA,NA,NA
id[192],26872,26872,0,0,26872,26872,NA,NA,NA
id[193],27007,27007,0,0,27007,27007,NA,NA,NA
id[194],27065,27065,0,0,27065,27065,NA,NA,NA
id[195],27098,27098,0,0,27098,27098,NA,NA,NA
id[196],27162,27162,0,0,27162,27162,NA,NA,NA
id[197],27876,27876,0,0,27876,27876,NA,NA,NA
id[198],27918,27918,0,0,27918,27918,NA,NA,NA
id[199],27944,27944,0,0,27944,27944,NA,NA,NA
id[200],28232,28232,0,0,28232,28232,NA,NA,NA
id[201],28276,28276,0,0,28276,28276,NA,NA,NA
id[202],28296,28296,0,0,28296,28296,NA,NA,NA
id[203],28349,28349,0,0,28349,28349,NA,NA,NA
id[204],28483,28483,0,0,28483,28483,NA,NA,NA
id[205],28505,28505,0,0,28505,28505,NA,NA,NA
id[206],28571,28571,0,0,28571,28571,NA,NA,NA
id[207],28644,28644,0,0,28644,28644,NA,NA,NA
id[208],28990,28990,0,0,28990,28990,NA,NA,NA
id[209],29080,29080,0,0,29080,29080,NA,NA,NA
id[210],29094,29094,0,0,29094,29094,NA,NA,NA
id[211],29220,29220,0,0,29220,29220,NA,NA,NA
id[212],29258,29258,0,0,29258,29258,NA,NA,NA
id[213],29421,29421,0,0,29421,29421,NA,NA,NA
id[214],29636,29636,0,0,29636,29636,NA,NA,NA
id[215],30063,30063,0,0,30063,30063,NA,NA,NA
id[216],30355,30355,0,0,30355,30355,NA,NA,NA
id[217],30610,30610,0,0,30610,30610,NA,NA,NA
id[218],30670,30670,0,0,30670,30670,NA,NA,NA
id[219],30701,30701,0,0,30701,30701,NA,NA,NA
id[220],30709,30709,0,0,30709,30709,NA,NA,NA
id[221],30915,30915,0,0,30915,30915,NA,NA,NA
id[222],30957,30957,0,0,30957,30957,NA,NA,NA
id[223],31198,31198,0,0,31198,31198,NA,NA,NA
id[224],31203,31203,0,0,31203,31203,NA,NA,NA
id[225],31743,31743,0,0,31743,31743,NA,NA,NA
id[226],31786,31786,0,0,31786,31786,NA,NA,NA
id[227],32003,32003,0,0,32003,32003,NA,NA,NA
id[228],32345,32345,0,0,32345,32345,NA,NA,NA
id[229],33255,33255,0,0,33255,33255,NA,NA,NA
id[230],33685,33685,0,0,33685,33685,NA,NA,NA
id[231],33952,33952,0,0,33952,33952,NA,NA,NA
id[232],34143,34143,0,0,34143,34143,NA,NA,NA
id[233],34267,34267,0,0,34267,34267,NA,NA,NA
id[234],34281,34281,0,0,34281,34281,NA,NA,NA
id[235],34319,34319,0,0,34319,34319,NA,NA,NA
id[236],34538,34538,0,0,34538,34538,NA,NA,NA
id[237],34548,34548,0,0,34548,34548,NA,NA,NA
id[238],34560,34560,0,0,34560,34560,NA,NA,NA
id[239],34642,34642,0,0,34642,34642,NA,NA,NA
id[240],34809,34809,0,0,34809,34809,NA,NA,NA
id[241],35009,35009,0,0,35009,35009,NA,NA,NA
id[242],35570,35570,0,0,35570,35570,NA,NA,NA
id[243],35623,35623,0,0,35623,35623,NA,NA,NA
id[244],35905,35905,0,0,35905,35905,NA,NA,NA
id[245],36080,36080,0,0,36080,36080,NA,NA,NA
id[246],36138,36138,0,0,36138,36138,NA,NA,NA
id[247],36448,36448,0,0,36448,36448,NA,NA,NA
id[248],36537,36537,0,0,36537,36537,NA,NA,NA
id[249],36678,36678,0,0,36678,36678,NA,NA,NA
id[250],36821,36821,0,0,36821,36821,NA,NA,NA
id[251],36865,36865,0,0,36865,36865,NA,NA,NA
id[252],36886,36886,0,0,36886,36886,NA,NA,NA
id[253],36903,36903,0,0,36903,36903,NA,NA,NA
id[254],36962,36962,0,0,36962,36962,NA,NA,NA
id[255],37074,37074,0,0,37074,37074,NA,NA,NA
id[256],37315,37315,0,0,37315,37315,NA,NA,NA
id[257],37434,37434,0,0,37434,37434,NA,NA,NA
id[258],37890,37890,0,0,37890,37890,NA,NA,NA
id[259],37953,37953,0,0,37953,37953,NA,NA,NA
id[260],38154,38154,0,0,38154,38154,NA,NA,NA
id[261],38169,38169,0,0,38169,38169,NA,NA,NA
id[262],38690,38690,0,0,38690,38690,NA,NA,NA
id[263],38951,38951,0,0,38951,38951,NA,NA,NA
id[264],38999,38999,0,0,38999,38999,NA,NA,NA
id[265],39173,39173,0,0,39173,39173,NA,NA,NA
id[266],39291,39291,0,0,39291,39291,NA,NA,NA
id[267],39522,39522,0,0,39522,39522,NA,NA,NA
id[268],39608,39608,0,0,39608,39608,NA,NA,NA
id[269],39612,39612,0,0,39612,39612,NA,NA,NA
id[270],39615,39615,0,0,39615,39615,NA,NA,NA
id[271],39925,39925,0,0,39925,39925,NA,NA,NA
id[272],40297,40297,0,0,40297,40297,NA,NA,NA
id[273],40424,40424,0,0,40424,40424,NA,NA,NA
id[274],40443,40443,0,0,40443,40443,NA,NA,NA
id[275],40920,40920,0,0,40920,40920,NA,NA,NA
id[276],40927,40927,0,0,40927,40927,NA,NA,NA
id[277],40983,40983,0,0,40983,40983,NA,NA,NA
id[278],41066,41066,0,0,41066,41066,NA,NA,NA
id[279],41093,41093,0,0,41093,41093,NA,NA,NA
id[280],41097,41097,0,0,41097,41097,NA,NA,NA
id[281],41142,41142,0,0,41142,41142,NA,NA,NA
id[282],41303,41303,0,0,41303,41303,NA,NA,NA
id[283],41600,41600,0,0,41600,41600,NA,NA,NA
id[284],41671,41671,0,0,41671,41671,NA,NA,NA
id[285],42077,42077,0,0,42077,42077,NA,NA,NA
id[286],42141,42141,0,0,42141,42141,NA,NA,NA
id[287],42205,42205,0,0,42205,42205,NA,NA,NA
id[288],42234,42234,0,0,42234,42234,NA,NA,NA
id[289],42358,42358,0,0,42358,42358,NA,NA,NA
id[290],42415,42415,0,0,42415,42415,NA,NA,NA
id[291],42418,42418,0,0,42418,42418,NA,NA,NA
id[292],42627,42627,0,0,42627,42627,NA,NA,NA
id[293],42896,42896,0,0,42896,42896,NA,NA,NA
id[294],42928,42928,0,0,42928,42928,NA,NA,NA
id[295],43080,43080,0,0,43080,43080,NA,NA,NA
id[296],43116,43116,0,0,43116,43116,NA,NA,NA
id[297],43169,43169,0,0,43169,43169,NA,NA,NA
id[298],43376,43376,0,0,43376,43376,NA,NA,NA
id[299],43401,43401,0,0,43401,43401,NA,NA,NA
id[300],43532,43532,0,0,43532,43532,NA,NA,NA
id[301],43576,43576,0,0,43576,43576,NA,NA,NA
id[302],43584,43584,0,0,43584,43584,NA,NA,NA
id[303],43702,43702,0,0,43702,43702,NA,NA,NA
id[304],43927,43927,0,0,43927,43927,NA,NA,NA
id[305],43980,43980,0,0,43980,43980,NA,NA,NA
id[306],44052,44052,0,0,44052,44052,NA,NA,NA
id[307],44160,44160,0,0,44160,44160,NA,NA,NA
id[308],44166,44166,0,0,44166,44166,NA,NA,NA
id[309],44232,44232,0,0,44232,44232,NA,NA,NA
id[310],44437,44437,0,0,44437,44437,NA,NA,NA
id[311],44498,44498,0,0,44498,44498,NA,NA,NA
id[312],44829,44829,0,0,44829,44829,NA,NA,NA
id[313],44868,44868,0,0,44868,44868,NA,NA,NA
id[314],44878,44878,0,0,44878,44878,NA,NA,NA
id[315],45005,45005,0,0,45005,45005,NA,NA,NA
id[316],45011,45011,0,0,45011,45011,NA,NA,NA
id[317],45141,45141,0,0,45141,45141,NA,NA,NA
id[318],45655,45655,0,0,45655,45655,NA,NA,NA
id[319],45658,45658,0,0,45658,45658,NA,NA,NA
id[320],45671,45671,0,0,45671,45671,NA,NA,NA
id[321],45706,45706,0,0,45706,45706,NA,NA,NA
id[322],45710,45710,0,0,45710,45710,NA,NA,NA
id[323],45752,45752,0,0,45752,45752,NA,NA,NA
id[324],45956,45956,0,0,45956,45956,NA,NA,NA
id[325],46059,46059,0,0,46059,46059,NA,NA,NA
id[326],46091,46091,0,0,46091,46091,NA,NA,NA
id[327],46099,46099,0,0,46099,46099,NA,NA,NA
id[328],46140,46140,0,0,46140,46140,NA,NA,NA
id[329],46235,46235,0,0,46235,46235,NA,NA,NA
id[330],46298,46298,0,0,46298,46298,NA,NA,NA
id[331],46440,46440,0,0,46440,46440,NA,NA,NA
id[332],46513,46513,0,0,46513,46513,NA,NA,NA
id[333],46537,46537,0,0,46537,46537,NA,NA,NA
id[334],46608,46608,0,0,46608,46608,NA,NA,NA
id[335],46714,46714,0,0,46714,46714,NA,NA,NA
id[336],46851,46851,0,0,46851,46851,NA,NA,NA
id[337],47089,47089,0,0,47089,47089,NA,NA,NA
id[338],47443,47443,0,0,47443,47443,NA,NA,NA
id[339],47950,47950,0,0,47950,47950,NA,NA,NA
id[340],48058,48058,0,0,48058,48058,NA,NA,NA
id[341],48209,48209,0,0,48209,48209,NA,NA,NA
id[342],48250,48250,0,0,48250,48250,NA,NA,NA
id[343],48347,48347,0,0,48347,48347,NA,NA,NA
id[344],48384,48384,0,0,48384,48384,NA,NA,NA
id[345],48387,48387,0,0,48387,48387,NA,NA,NA
id[346],48421,48421,0,0,48421,48421,NA,NA,NA
id[347],48613,48613,0,0,48613,48613,NA,NA,NA
id[348],48645,48645,0,0,48645,48645,NA,NA,NA
id[349],48657,48657,0,0,48657,48657,NA,NA,NA
id[350],48917,48917,0,0,48917,48917,NA,NA,NA
id[351],48925,48925,0,0,48925,48925,NA,NA,NA
id[352],48926,48926,0,0,48926,48926,NA,NA,NA
id[353],48971,48971,0,0,48971,48971,NA,NA,NA
id[354],49021,49021,0,0,49021,49021,NA,NA,NA
id[355],49022,49022,0,0,49022,49022,NA,NA,NA
id[356],49070,49070,0,0,49070,49070,NA,NA,NA
id[357],49225,49225,0,0,49225,49225,NA,NA,NA
id[358],49259,49259,0,0,49259,49259,NA,NA,NA
id[359],49282,49282,0,0,49282,49282,NA,NA,NA
id[360],49284,49284,0,0,49284,49284,NA,NA,NA
id[361],49354,49354,0,0,49354,49354,NA,NA,NA
id[362],49435,49435,0,0,49435,49435,NA,NA,NA
id[363],49449,49449,0,0,49449,49449,NA,NA,NA
id[364],49517,49517,0,0,49517,49517,NA,NA,NA
id[365],49539,49539,0,0,49539,49539,NA,NA,NA
id[366],49647,49647,0,0,49647,49647,NA,NA,NA
id[367],49870,49870,0,0,49870,49870,NA,NA,NA
id[368],50075,50075,0,0,50075,50075,NA,NA,NA
id[369],50334,50334,0,0,50334,50334,NA,NA,NA
id[370],50443,50443,0,0,50443,50443,NA,NA,NA
id[371],50544,50544,0,0,50544,50544,NA,NA,NA
id[372],50567,50567,0,0,50567,50567,NA,NA,NA
id[373],50645,50645,0,0,50645,50645,NA,NA,NA
id[374],50870,50870,0,0,50870,50870,NA,NA,NA
id[375],50970,50970,0,0,50970,50970,NA,NA,NA
id[376],51021,51021,0,0,51021,51021,NA,NA,NA
id[377],51047,51047,0,0,51047,51047,NA,NA,NA
id[378],51072,51072,0,0,51072,51072,NA,NA,NA
id[379],51095,51095,0,0,51095,51095,NA,NA,NA
id[380],51340,51340,0,0,51340,51340,NA,NA,NA
id[381],51398,51398,0,0,51398,51398,NA,NA,NA
id[382],51479,51479,0,0,51479,51479,NA,NA,NA
id[383],51768,51768,0,0,51768,51768,NA,NA,NA
id[384],51862,51862,0,0,51862,51862,NA,NA,NA
id[385],51896,51896,0,0,51896,51896,NA,NA,NA
id[386],51905,51905,0,0,51905,51905,NA,NA,NA
id[387],51986,51986,0,0,51986,51986,NA,NA,NA
id[388],52386,52386,0,0,52386,52386,NA,NA,NA
id[389],52406,52406,0,0,52406,52406,NA,NA,NA
id[390],52615,52615,0,0,52615,52615,NA,NA,NA
id[391],52780,52780,0,0,52780,52780,NA,NA,NA
id[392],52788,52788,0,0,52788,52788,NA,NA,NA
id[393],52792,52792,0,0,52792,52792,NA,NA,NA
id[394],52947,52947,0,0,52947,52947,NA,NA,NA
id[395],52995,52995,0,0,52995,52995,NA,NA,NA
id[396],53089,53089,0,0,53089,53089,NA,NA,NA
id[397],53189,53189,0,0,53189,53189,NA,NA,NA
id[398],53254,53254,0,0,53254,53254,NA,NA,NA
id[399],53299,53299,0,0,53299,53299,NA,NA,NA
id[400],53563,53563,0,0,53563,53563,NA,NA,NA
id[401],53667,53667,0,0,53667,53667,NA,NA,NA
id[402],53768,53768,0,0,53768,53768,NA,NA,NA
id[403],53805,53805,0,0,53805,53805,NA,NA,NA
id[404],53841,53841,0,0,53841,53841,NA,NA,NA
id[405],54034,54034,0,0,54034,54034,NA,NA,NA
id[406],54059,54059,0,0,54059,54059,NA,NA,NA
id[407],54324,54324,0,0,54324,54324,NA,NA,NA
id[408],54354,54354,0,0,54354,54354,NA,NA,NA
id[409],54526,54526,0,0,54526,54526,NA,NA,NA
id[410],54540,54540,0,0,54540,54540,NA,NA,NA
id[411],54595,54595,0,0,54595,54595,NA,NA,NA
id[412],54615,54615,0,0,54615,54615,NA,NA,NA
id[413],54634,54634,0,0,54634,54634,NA,NA,NA
id[414],54638,54638,0,0,54638,54638,NA,NA,NA
id[415],54829,54829,0,0,54829,54829,NA,NA,NA
id[416],54866,54866,0,0,54866,54866,NA,NA,NA
id[417],54908,54908,0,0,54908,54908,NA,NA,NA
id[418],54968,54968,0,0,54968,54968,NA,NA,NA
id[419],55054,55054,0,0,55054,55054,NA,NA,NA
id[420],55204,55204,0,0,55204,55204,NA,NA,NA
id[421],55206,55206,0,0,55206,55206,NA,NA,NA
id[422],55300,55300,0,0,55300,55300,NA,NA,NA
id[423],55454,55454,0,0,55454,55454,NA,NA,NA
id[424],55594,55594,0,0,55594,55594,NA,NA,NA
id[425],55689,55689,0,0,55689,55689,NA,NA,NA
id[426],55787,55787,0,0,55787,55787,NA,NA,NA
id[427],55817,55817,0,0,55817,55817,NA,NA,NA
id[428],55937,55937,0,0,55937,55937,NA,NA,NA
id[429],55950,55950,0,0,55950,55950,NA,NA,NA
id[430],56162,56162,0,0,56162,56162,NA,NA,NA
id[431],56274,56274,0,0,56274,56274,NA,NA,NA
id[432],56356,56356,0,0,56356,56356,NA,NA,NA
id[433],56546,56546,0,0,56546,56546,NA,NA,NA
id[434],56645,56645,0,0,56645,56645,NA,NA,NA
id[435],56654,56654,0,0,56654,56654,NA,NA,NA
id[436],56660,56660,0,0,56660,56660,NA,NA,NA
id[437],56683,56683,0,0,56683,56683,NA,NA,NA
id[438],56758,56758,0,0,56758,56758,NA,NA,NA
id[439],56991,56991,0,0,56991,56991,NA,NA,NA
id[440],57014,57014,0,0,57014,57014,NA,NA,NA
id[441],57100,57100,0,0,57100,57100,NA,NA,NA
id[442],57321,57321,0,0,57321,57321,NA,NA,NA
id[443],57508,57508,0,0,57508,57508,NA,NA,NA
id[444],57631,57631,0,0,57631,57631,NA,NA,NA
id[445],57711,57711,0,0,57711,57711,NA,NA,NA
id[446],57715,57715,0,0,57715,57715,NA,NA,NA
id[447],57763,57763,0,0,57763,57763,NA,NA,NA
id[448],57846,57846,0,0,57846,57846,NA,NA,NA
id[449],57964,57964,0,0,57964,57964,NA,NA,NA
id[450],57974,57974,0,0,57974,57974,NA,NA,NA
id[451],57975,57975,0,0,57975,57975,NA,NA,NA
id[452],58025,58025,0,0,58025,58025,NA,NA,NA
id[453],58129,58129,0,0,58129,58129,NA,NA,NA
id[454],58147,58147,0,0,58147,58147,NA,NA,NA
id[455],58265,58265,0,0,58265,58265,NA,NA,NA
id[456],58279,58279,0,0,58279,58279,NA,NA,NA
id[457],58396,58396,0,0,58396,58396,NA,NA,NA
id[458],58429,58429,0,0,58429,58429,NA,NA,NA
id[459],58553,58553,0,0,58553,58553,NA,NA,NA
id[460],58558,58558,0,0,58558,58558,NA,NA,NA
id[461],58596,58596,0,0,58596,58596,NA,NA,NA
id[462],58629,58629,0,0,58629,58629,NA,NA,NA
id[463],58736,58736,0,0,58736,58736,NA,NA,NA
id[464],58774,58774,0,0,58774,58774,NA,NA,NA
id[465],58818,58818,0,0,58818,58818,NA,NA,NA
id[466],58881,58881,0,0,58881,58881,NA,NA,NA
id[467],58902,58902,0,0,58902,58902,NA,NA,NA
id[468],59009,59009,0,0,59009,59009,NA,NA,NA
id[469],59047,59047,0,0,59047,59047,NA,NA,NA
id[470],59142,59142,0,0,59142,59142,NA,NA,NA
id[471],59159,59159,0,0,59159,59159,NA,NA,NA
id[472],59162,59162,0,0,59162,59162,NA,NA,NA
id[473],59183,59183,0,0,59183,59183,NA,NA,NA
id[474],59243,59243,0,0,59243,59243,NA,NA,NA
id[475],59313,59313,0,0,59313,59313,NA,NA,NA
id[476],59316,59316,0,0,59316,59316,NA,NA,NA
id[477],59341,59341,0,0,59341,59341,NA,NA,NA
id[478],59398,59398,0,0,59398,59398,NA,NA,NA
id[479],59424,59424,0,0,59424,59424,NA,NA,NA
id[480],59474,59474,0,0,59474,59474,NA,NA,NA
id[481],59487,59487,0,0,59487,59487,NA,NA,NA
id[482],59527,59527,0,0,59527,59527,NA,NA,NA
id[483],59707,59707,0,0,59707,59707,NA,NA,NA
id[484],59708,59708,0,0,59708,59708,NA,NA,NA
id[485],59709,59709,0,0,59709,59709,NA,NA,NA
id[486],59729,59729,0,0,59729,59729,NA,NA,NA
id[487],59750,59750,0,0,59750,59750,NA,NA,NA
id[488],59801,59801,0,0,59801,59801,NA,NA,NA
id[489],59823,59823,0,0,59823,59823,NA,NA,NA
id[490],59984,59984,0,0,59984,59984,NA,NA,NA
id[491],59990,59990,0,0,59990,59990,NA,NA,NA
id[492],60070,60070,0,0,60070,60070,NA,NA,NA
id[493],60132,60132,0,0,60132,60132,NA,NA,NA
id[494],60138,60138,0,0,60138,60138,NA,NA,NA
id[495],60173,60173,0,0,60173,60173,NA,NA,NA
id[496],60240,60240,0,0,60240,60240,NA,NA,NA
id[497],60283,60283,0,0,60283,60283,NA,NA,NA
id[498],60285,60285,0,0,60285,60285,NA,NA,NA
id[499],60372,60372,0,0,60372,60372,NA,NA,NA
id[500],60409,60409,0,0,60409,60409,NA,NA,NA
id[501],60460,60460,0,0,60460,60460,NA,NA,NA
id[502],60513,60513,0,0,60513,60513,NA,NA,NA
id[503],60591,60591,0,0,60591,60591,NA,NA,NA
id[504],60658,60658,0,0,60658,60658,NA,NA,NA
id[505],60729,60729,0,0,60729,60729,NA,NA,NA
id[506],60773,60773,0,0,60773,60773,NA,NA,NA
id[507],60798,60798,0,0,60798,60798,NA,NA,NA
id[508],60832,60832,0,0,60832,60832,NA,NA,NA
id[509],60897,60897,0,0,60897,60897,NA,NA,NA
id[510],60909,60909,0,0,60909,60909,NA,NA,NA
id[511],61060,61060,0,0,61060,61060,NA,NA,NA
id[512],61098,61098,0,0,61098,61098,NA,NA,NA
id[513],61135,61135,0,0,61135,61135,NA,NA,NA
id[514],61148,61148,0,0,61148,61148,NA,NA,NA
id[515],61204,61204,0,0,61204,61204,NA,NA,NA
id[516],61209,61209,0,0,61209,61209,NA,NA,NA
id[517],61217,61217,0,0,61217,61217,NA,NA,NA
id[518],61227,61227,0,0,61227,61227,NA,NA,NA
id[519],61281,61281,0,0,61281,61281,NA,NA,NA
id[520],61286,61286,0,0,61286,61286,NA,NA,NA
id[521],61313,61313,0,0,61313,61313,NA,NA,NA
id[522],61321,61321,0,0,61321,61321,NA,NA,NA
id[523],61326,61326,0,0,61326,61326,NA,NA,NA
id[524],61337,61337,0,0,61337,61337,NA,NA,NA
id[525],61363,61363,0,0,61363,61363,NA,NA,NA
id[526],61448,61448,0,0,61448,61448,NA,NA,NA
id[527],61469,61469,0,0,61469,61469,NA,NA,NA
id[528],61525,61525,0,0,61525,61525,NA,NA,NA
id[529],61539,61539,0,0,61539,61539,NA,NA,NA
id[530],61575,61575,0,0,61575,61575,NA,NA,NA
id[531],61583,61583,0,0,61583,61583,NA,NA,NA
id[532],61588,61588,0,0,61588,61588,NA,NA,NA
id[533],61592,61592,0,0,61592,61592,NA,NA,NA
id[534],61611,61611,0,0,61611,61611,NA,NA,NA
id[535],61664,61664,0,0,61664,61664,NA,NA,NA
id[536],61697,61697,0,0,61697,61697,NA,NA,NA
id[537],61702,61702,0,0,61702,61702,NA,NA,NA
id[538],61806,61806,0,0,61806,61806,NA,NA,NA
id[539],61831,61831,0,0,61831,61831,NA,NA,NA
id[540],61935,61935,0,0,61935,61935,NA,NA,NA
id[541],61964,61964,0,0,61964,61964,NA,NA,NA
id[542],61988,61988,0,0,61988,61988,NA,NA,NA
id[543],62062,62062,0,0,62062,62062,NA,NA,NA
id[544],62277,62277,0,0,62277,62277,NA,NA,NA
id[545],62411,62411,0,0,62411,62411,NA,NA,NA
id[546],62491,62491,0,0,62491,62491,NA,NA,NA
id[547],62523,62523,0,0,62523,62523,NA,NA,NA
id[548],62604,62604,0,0,62604,62604,NA,NA,NA
id[549],62750,62750,0,0,62750,62750,NA,NA,NA
id[550],62787,62787,0,0,62787,62787,NA,NA,NA
id[551],62837,62837,0,0,62837,62837,NA,NA,NA
id[552],62902,62902,0,0,62902,62902,NA,NA,NA
id[553],62958,62958,0,0,62958,62958,NA,NA,NA
id[554],63155,63155,0,0,63155,63155,NA,NA,NA
id[555],63166,63166,0,0,63166,63166,NA,NA,NA
id[556],63197,63197,0,0,63197,63197,NA,NA,NA
id[557],63249,63249,0,0,63249,63249,NA,NA,NA
id[558],63267,63267,0,0,63267,63267,NA,NA,NA
id[559],63330,63330,0,0,63330,63330,NA,NA,NA
id[560],63332,63332,0,0,63332,63332,NA,NA,NA
id[561],63335,63335,0,0,63335,63335,NA,NA,NA
id[562],63346,63346,0,0,63346,63346,NA,NA,NA
id[563],63368,63368,0,0,63368,63368,NA,NA,NA
id[564],63381,63381,0,0,63381,63381,NA,NA,NA
id[565],63452,63452,0,0,63452,63452,NA,NA,NA
id[566],63466,63466,0,0,63466,63466,NA,NA,NA
id[567],63473,63473,0,0,63473,63473,NA,NA,NA
id[568],63674,63674,0,0,63674,63674,NA,NA,NA
id[569],63743,63743,0,0,63743,63743,NA,NA,NA
id[570],63752,63752,0,0,63752,63752,NA,NA,NA
id[571],63760,63760,0,0,63760,63760,NA,NA,NA
id[572],63773,63773,0,0,63773,63773,NA,NA,NA
id[573],63779,63779,0,0,63779,63779,NA,NA,NA
id[574],63875,63875,0,0,63875,63875,NA,NA,NA
id[575],63887,63887,0,0,63887,63887,NA,NA,NA
id[576],63919,63919,0,0,63919,63919,NA,NA,NA
id[577],64020,64020,0,0,64020,64020,NA,NA,NA
id[578],64044,64044,0,0,64044,64044,NA,NA,NA
id[579],64072,64072,0,0,64072,64072,NA,NA,NA
id[580],64085,64085,0,0,64085,64085,NA,NA,NA
id[581],64183,64183,0,0,64183,64183,NA,NA,NA
id[582],64305,64305,0,0,64305,64305,NA,NA,NA
id[583],64381,64381,0,0,64381,64381,NA,NA,NA
id[584],64398,64398,0,0,64398,64398,NA,NA,NA
id[585],64438,64438,0,0,64438,64438,NA,NA,NA
id[586],64508,64508,0,0,64508,64508,NA,NA,NA
id[587],64521,64521,0,0,64521,64521,NA,NA,NA
id[588],64526,64526,0,0,64526,64526,NA,NA,NA
id[589],64580,64580,0,0,64580,64580,NA,NA,NA
id[590],64610,64610,0,0,64610,64610,NA,NA,NA
id[591],64615,64615,0,0,64615,64615,NA,NA,NA
id[592],64673,64673,0,0,64673,64673,NA,NA,NA
id[593],64728,64728,0,0,64728,64728,NA,NA,NA
id[594],64775,64775,0,0,64775,64775,NA,NA,NA
id[595],64804,64804,0,0,64804,64804,NA,NA,NA
id[596],64809,64809,0,0,64809,64809,NA,NA,NA
id[597],64834,64834,0,0,64834,64834,NA,NA,NA
id[598],64876,64876,0,0,64876,64876,NA,NA,NA
id[599],64899,64899,0,0,64899,64899,NA,NA,NA
id[600],64923,64923,0,0,64923,64923,NA,NA,NA
id[601],64942,64942,0,0,64942,64942,NA,NA,NA
id[602],64961,64961,0,0,64961,64961,NA,NA,NA
id[603],64987,64987,0,0,64987,64987,NA,NA,NA
id[604],65022,65022,0,0,65022,65022,NA,NA,NA
id[605],65058,65058,0,0,65058,65058,NA,NA,NA
id[606],65098,65098,0,0,65098,65098,NA,NA,NA
id[607],65164,65164,0,0,65164,65164,NA,NA,NA
id[608],65171,65171,0,0,65171,65171,NA,NA,NA
id[609],65213,65213,0,0,65213,65213,NA,NA,NA
id[610],65340,65340,0,0,65340,65340,NA,NA,NA
id[611],65349,65349,0,0,65349,65349,NA,NA,NA
id[612],65478,65478,0,0,65478,65478,NA,NA,NA
id[613],65527,65527,0,0,65527,65527,NA,NA,NA
id[614],65623,65623,0,0,65623,65623,NA,NA,NA
id[615],65627,65627,0,0,65627,65627,NA,NA,NA
id[616],65638,65638,0,0,65638,65638,NA,NA,NA
id[617],65733,65733,0,0,65733,65733,NA,NA,NA
id[618],65763,65763,0,0,65763,65763,NA,NA,NA
id[619],65822,65822,0,0,65822,65822,NA,NA,NA
id[620],65838,65838,0,0,65838,65838,NA,NA,NA
id[621],65870,65870,0,0,65870,65870,NA,NA,NA
id[622],65902,65902,0,0,65902,65902,NA,NA,NA
id[623],65937,65937,0,0,65937,65937,NA,NA,NA
id[624],65940,65940,0,0,65940,65940,NA,NA,NA
id[625],65979,65979,0,0,65979,65979,NA,NA,NA
id[626],66034,66034,0,0,66034,66034,NA,NA,NA
id[627],66094,66094,0,0,66094,66094,NA,NA,NA
id[628],66115,66115,0,0,66115,66115,NA,NA,NA
id[629],66150,66150,0,0,66150,66150,NA,NA,NA
id[630],66179,66179,0,0,66179,66179,NA,NA,NA
id[631],66186,66186,0,0,66186,66186,NA,NA,NA
id[632],66190,66190,0,0,66190,66190,NA,NA,NA
id[633],66249,66249,0,0,66249,66249,NA,NA,NA
id[634],66359,66359,0,0,66359,66359,NA,NA,NA
id[635],66360,66360,0,0,66360,66360,NA,NA,NA
id[636],66371,66371,0,0,66371,66371,NA,NA,NA
id[637],66465,66465,0,0,66465,66465,NA,NA,NA
id[638],66500,66500,0,0,66500,66500,NA,NA,NA
id[639],66550,66550,0,0,66550,66550,NA,NA,NA
id[640],66590,66590,0,0,66590,66590,NA,NA,NA
id[641],66597,66597,0,0,66597,66597,NA,NA,NA
id[642],66657,66657,0,0,66657,66657,NA,NA,NA
id[643],66674,66674,0,0,66674,66674,NA,NA,NA
id[644],66724,66724,0,0,66724,66724,NA,NA,NA
id[645],66741,66741,0,0,66741,66741,NA,NA,NA
id[646],66762,66762,0,0,66762,66762,NA,NA,NA
id[647],66778,66778,0,0,66778,66778,NA,NA,NA
id[648],66872,66872,0,0,66872,66872,NA,NA,NA
id[649],67034,67034,0,0,67034,67034,NA,NA,NA
id[650],67068,67068,0,0,67068,67068,NA,NA,NA
id[651],67174,67174,0,0,67174,67174,NA,NA,NA
id[652],67223,67223,0,0,67223,67223,NA,NA,NA
id[653],67283,67283,0,0,67283,67283,NA,NA,NA
id[654],67313,67313,0,0,67313,67313,NA,NA,NA
id[655],67358,67358,0,0,67358,67358,NA,NA,NA
id[656],67371,67371,0,0,67371,67371,NA,NA,NA
id[657],67444,67444,0,0,67444,67444,NA,NA,NA
id[658],67454,67454,0,0,67454,67454,NA,NA,NA
id[659],67582,67582,0,0,67582,67582,NA,NA,NA
id[660],67586,67586,0,0,67586,67586,NA,NA,NA
id[661],67600,67600,0,0,67600,67600,NA,NA,NA
id[662],67659,67659,0,0,67659,67659,NA,NA,NA
id[663],67665,67665,0,0,67665,67665,NA,NA,NA
id[664],67681,67681,0,0,67681,67681,NA,NA,NA
id[665],67739,67739,0,0,67739,67739,NA,NA,NA
id[666],67790,67790,0,0,67790,67790,NA,NA,NA
id[667],67847,67847,0,0,67847,67847,NA,NA,NA
id[668],67874,67874,0,0,67874,67874,NA,NA,NA
id[669],67889,67889,0,0,67889,67889,NA,NA,NA
id[670],67934,67934,0,0,67934,67934,NA,NA,NA
id[671],67941,67941,0,0,67941,67941,NA,NA,NA
id[672],67957,67957,0,0,67957,67957,NA,NA,NA
id[673],68031,68031,0,0,68031,68031,NA,NA,NA
id[674],68059,68059,0,0,68059,68059,NA,NA,NA
id[675],68062,68062,0,0,68062,68062,NA,NA,NA
id[676],68090,68090,0,0,68090,68090,NA,NA,NA
id[677],68150,68150,0,0,68150,68150,NA,NA,NA
id[678],68153,68153,0,0,68153,68153,NA,NA,NA
id[679],68288,68288,0,0,68288,68288,NA,NA,NA
id[680],68291,68291,0,0,68291,68291,NA,NA,NA
id[681],68383,68383,0,0,68383,68383,NA,NA,NA
id[682],68574,68574,0,0,68574,68574,NA,NA,NA
id[683],68620,68620,0,0,68620,68620,NA,NA,NA
id[684],68685,68685,0,0,68685,68685,NA,NA,NA
id[685],68725,68725,0,0,68725,68725,NA,NA,NA
id[686],68750,68750,0,0,68750,68750,NA,NA,NA
id[687],68761,68761,0,0,68761,68761,NA,NA,NA
id[688],68853,68853,0,0,68853,68853,NA,NA,NA
id[689],68858,68858,0,0,68858,68858,NA,NA,NA
id[690],68865,68865,0,0,68865,68865,NA,NA,NA
id[691],68882,68882,0,0,68882,68882,NA,NA,NA
id[692],68917,68917,0,0,68917,68917,NA,NA,NA
id[693],68979,68979,0,0,68979,68979,NA,NA,NA
id[694],69016,69016,0,0,69016,69016,NA,NA,NA
id[695],69045,69045,0,0,69045,69045,NA,NA,NA
id[696],69060,69060,0,0,69060,69060,NA,NA,NA
id[697],69148,69148,0,0,69148,69148,NA,NA,NA
id[698],69152,69152,0,0,69152,69152,NA,NA,NA
id[699],69189,69189,0,0,69189,69189,NA,NA,NA
id[700],69245,69245,0,0,69245,69245,NA,NA,NA
id[701],69299,69299,0,0,69299,69299,NA,NA,NA
id[702],69343,69343,0,0,69343,69343,NA,NA,NA
id[703],69350,69350,0,0,69350,69350,NA,NA,NA
id[704],69379,69379,0,0,69379,69379,NA,NA,NA
id[705],69380,69380,0,0,69380,69380,NA,NA,NA
id[706],69437,69437,0,0,69437,69437,NA,NA,NA
id[707],69462,69462,0,0,69462,69462,NA,NA,NA
id[708],69490,69490,0,0,69490,69490,NA,NA,NA
id[709],69514,69514,0,0,69514,69514,NA,NA,NA
id[710],69547,69547,0,0,69547,69547,NA,NA,NA
id[711],69553,69553,0,0,69553,69553,NA,NA,NA
id[712],69667,69667,0,0,69667,69667,NA,NA,NA
id[713],69676,69676,0,0,69676,69676,NA,NA,NA
id[714],69692,69692,0,0,69692,69692,NA,NA,NA
id[715],69699,69699,0,0,69699,69699,NA,NA,NA
id[716],69770,69770,0,0,69770,69770,NA,NA,NA
id[717],69785,69785,0,0,69785,69785,NA,NA,NA
id[718],69795,69795,0,0,69795,69795,NA,NA,NA
id[719],69801,69801,0,0,69801,69801,NA,NA,NA
id[720],69809,69809,0,0,69809,69809,NA,NA,NA
id[721],69905,69905,0,0,69905,69905,NA,NA,NA
id[722],69909,69909,0,0,69909,69909,NA,NA,NA
id[723],69929,69929,0,0,69929,69929,NA,NA,NA
id[724],69956,69956,0,0,69956,69956,NA,NA,NA
id[725],69977,69977,0,0,69977,69977,NA,NA,NA
id[726],69982,69982,0,0,69982,69982,NA,NA,NA
id[727],69988,69988,0,0,69988,69988,NA,NA,NA
id[728],70005,70005,0,0,70005,70005,NA,NA,NA
id[729],70006,70006,0,0,70006,70006,NA,NA,NA
id[730],70093,70093,0,0,70093,70093,NA,NA,NA
id[731],70107,70107,0,0,70107,70107,NA,NA,NA
id[732],70129,70129,0,0,70129,70129,NA,NA,NA
id[733],70178,70178,0,0,70178,70178,NA,NA,NA
id[734],70257,70257,0,0,70257,70257,NA,NA,NA
id[735],70273,70273,0,0,70273,70273,NA,NA,NA
id[736],70303,70303,0,0,70303,70303,NA,NA,NA
id[737],70316,70316,0,0,70316,70316,NA,NA,NA
id[738],70427,70427,0,0,70427,70427,NA,NA,NA
id[739],70447,70447,0,0,70447,70447,NA,NA,NA
id[740],70500,70500,0,0,70500,70500,NA,NA,NA
id[741],70508,70508,0,0,70508,70508,NA,NA,NA
id[742],70526,70526,0,0,70526,70526,NA,NA,NA
id[743],70588,70588,0,0,70588,70588,NA,NA,NA
id[744],70660,70660,0,0,70660,70660,NA,NA,NA
id[745],70676,70676,0,0,70676,70676,NA,NA,NA
id[746],70763,70763,0,0,70763,70763,NA,NA,NA
id[747],70782,70782,0,0,70782,70782,NA,NA,NA
id[748],70823,70823,0,0,70823,70823,NA,NA,NA
id[749],70852,70852,0,0,70852,70852,NA,NA,NA
id[750],70853,70853,0,0,70853,70853,NA,NA,NA
id[751],70937,70937,0,0,70937,70937,NA,NA,NA
id[752],70942,70942,0,0,70942,70942,NA,NA,NA
id[753],70983,70983,0,0,70983,70983,NA,NA,NA
id[754],70995,70995,0,0,70995,70995,NA,NA,NA
id[755],71053,71053,0,0,71053,71053,NA,NA,NA
id[756],71065,71065,0,0,71065,71065,NA,NA,NA
id[757],71093,71093,0,0,71093,71093,NA,NA,NA
id[758],71116,71116,0,0,71116,71116,NA,NA,NA
id[759],71140,71140,0,0,71140,71140,NA,NA,NA
id[760],71175,71175,0,0,71175,71175,NA,NA,NA
id[761],71190,71190,0,0,71190,71190,NA,NA,NA
id[762],71237,71237,0,0,71237,71237,NA,NA,NA
id[763],71281,71281,0,0,71281,71281,NA,NA,NA
id[764],71329,71329,0,0,71329,71329,NA,NA,NA
id[765],71340,71340,0,0,71340,71340,NA,NA,NA
id[766],71342,71342,0,0,71342,71342,NA,NA,NA
id[767],71427,71427,0,0,71427,71427,NA,NA,NA
id[768],71461,71461,0,0,71461,71461,NA,NA,NA
id[769],71547,71547,0,0,71547,71547,NA,NA,NA
id[770],71563,71563,0,0,71563,71563,NA,NA,NA
id[771],71638,71638,0,0,71638,71638,NA,NA,NA
id[772],71700,71700,0,0,71700,71700,NA,NA,NA
id[773],71809,71809,0,0,71809,71809,NA,NA,NA
id[774],71828,71828,0,0,71828,71828,NA,NA,NA
id[775],71888,71888,0,0,71888,71888,NA,NA,NA
id[776],71891,71891,0,0,71891,71891,NA,NA,NA
id[777],71909,71909,0,0,71909,71909,NA,NA,NA
id[778],71919,71919,0,0,71919,71919,NA,NA,NA
id[779],72017,72017,0,0,72017,72017,NA,NA,NA
id[780],72018,72018,0,0,72018,72018,NA,NA,NA
id[781],72113,72113,0,0,72113,72113,NA,NA,NA
id[782],72154,72154,0,0,72154,72154,NA,NA,NA
id[783],72174,72174,0,0,72174,72174,NA,NA,NA
id[784],72181,72181,0,0,72181,72181,NA,NA,NA
id[785],72268,72268,0,0,72268,72268,NA,NA,NA
id[786],72312,72312,0,0,72312,72312,NA,NA,NA
id[787],72356,72356,0,0,72356,72356,NA,NA,NA
id[788],72373,72373,0,0,72373,72373,NA,NA,NA
id[789],72464,72464,0,0,72464,72464,NA,NA,NA
id[790],72508,72508,0,0,72508,72508,NA,NA,NA
id[791],72551,72551,0,0,72551,72551,NA,NA,NA
id[792],72633,72633,0,0,72633,72633,NA,NA,NA
id[793],72653,72653,0,0,72653,72653,NA,NA,NA
id[794],72666,72666,0,0,72666,72666,NA,NA,NA
id[795],72687,72687,0,0,72687,72687,NA,NA,NA
id[796],72730,72730,0,0,72730,72730,NA,NA,NA
id[797],72732,72732,0,0,72732,72732,NA,NA,NA
id[798],72785,72785,0,0,72785,72785,NA,NA,NA
id[799],72807,72807,0,0,72807,72807,NA,NA,NA
id[800],72822,72822,0,0,72822,72822,NA,NA,NA
id[801],72854,72854,0,0,72854,72854,NA,NA,NA
id[802],73058,73058,0,0,73058,73058,NA,NA,NA
id[803],73118,73118,0,0,73118,73118,NA,NA,NA
id[804],73313,73313,0,0,73313,73313,NA,NA,NA
id[805],73364,73364,0,0,73364,73364,NA,NA,NA
id[806],73380,73380,0,0,73380,73380,NA,NA,NA
id[807],73484,73484,0,0,73484,73484,NA,NA,NA
id[808],73501,73501,0,0,73501,73501,NA,NA,NA
id[809],73518,73518,0,0,73518,73518,NA,NA,NA
id[810],73562,73562,0,0,73562,73562,NA,NA,NA
id[811],73588,73588,0,0,73588,73588,NA,NA,NA
id[812],73702,73702,0,0,73702,73702,NA,NA,NA
id[813],73809,73809,0,0,73809,73809,NA,NA,NA
id[814],73872,73872,0,0,73872,73872,NA,NA,NA
id[815],73893,73893,0,0,73893,73893,NA,NA,NA
id[816],73929,73929,0,0,73929,73929,NA,NA,NA
id[817],73970,73970,0,0,73970,73970,NA,NA,NA
id[818],73982,73982,0,0,73982,73982,NA,NA,NA
id[819],74083,74083,0,0,74083,74083,NA,NA,NA
id[820],74095,74095,0,0,74095,74095,NA,NA,NA
id[821],74120,74120,0,0,74120,74120,NA,NA,NA
id[822],74153,74153,0,0,74153,74153,NA,NA,NA
id[823],74307,74307,0,0,74307,74307,NA,NA,NA
id[824],74326,74326,0,0,74326,74326,NA,NA,NA
id[825],74328,74328,0,0,74328,74328,NA,NA,NA
id[826],74389,74389,0,0,74389,74389,NA,NA,NA
id[827],74447,74447,0,0,74447,74447,NA,NA,NA
id[828],74557,74557,0,0,74557,74557,NA,NA,NA
id[829],74668,74668,0,0,74668,74668,NA,NA,NA
id[830],74703,74703,0,0,74703,74703,NA,NA,NA
id[831],74706,74706,0,0,74706,74706,NA,NA,NA
id[832],74752,74752,0,0,74752,74752,NA,NA,NA
id[833],74763,74763,0,0,74763,74763,NA,NA,NA
id[834],74838,74838,0,0,74838,74838,NA,NA,NA
id[835],75054,75054,0,0,75054,75054,NA,NA,NA
id[836],75059,75059,0,0,75059,75059,NA,NA,NA
id[837],75114,75114,0,0,75114,75114,NA,NA,NA
id[838],75160,75160,0,0,75160,75160,NA,NA,NA
id[839],75193,75193,0,0,75193,75193,NA,NA,NA
id[840],75293,75293,0,0,75293,75293,NA,NA,NA
id[841],75333,75333,0,0,75333,75333,NA,NA,NA
id[842],75409,75409,0,0,75409,75409,NA,NA,NA
id[843],75509,75509,0,0,75509,75509,NA,NA,NA
id[844],75534,75534,0,0,75534,75534,NA,NA,NA
id[845],75553,75553,0,0,75553,75553,NA,NA,NA
id[846],75560,75560,0,0,75560,75560,NA,NA,NA
id[847],75602,75602,0,0,75602,75602,NA,NA,NA
id[848],75650,75650,0,0,75650,75650,NA,NA,NA
id[849],75670,75670,0,0,75670,75670,NA,NA,NA
id[850],75693,75693,0,0,75693,75693,NA,NA,NA
id[851],75850,75850,0,0,75850,75850,NA,NA,NA
id[852],76023,76023,0,0,76023,76023,NA,NA,NA
id[853],76070,76070,0,0,76070,76070,NA,NA,NA
id[854],76239,76239,0,0,76239,76239,NA,NA,NA
id[855],76263,76263,0,0,76263,76263,NA,NA,NA
id[856],76289,76289,0,0,76289,76289,NA,NA,NA
id[857],76372,76372,0,0,76372,76372,NA,NA,NA
id[858],76386,76386,0,0,76386,76386,NA,NA,NA
id[859],76523,76523,0,0,76523,76523,NA,NA,NA
id[860],76596,76596,0,0,76596,76596,NA,NA,NA
id[861],76700,76700,0,0,76700,76700,NA,NA,NA
id[862],76774,76774,0,0,76774,76774,NA,NA,NA
id[863],76783,76783,0,0,76783,76783,NA,NA,NA
id[864],76800,76800,0,0,76800,76800,NA,NA,NA
id[865],76860,76860,0,0,76860,76860,NA,NA,NA
id[866],76925,76925,0,0,76925,76925,NA,NA,NA
id[867],77007,77007,0,0,77007,77007,NA,NA,NA
id[868],77020,77020,0,0,77020,77020,NA,NA,NA
id[869],77048,77048,0,0,77048,77048,NA,NA,NA
id[870],77130,77130,0,0,77130,77130,NA,NA,NA
id[871],77142,77142,0,0,77142,77142,NA,NA,NA
id[872],77179,77179,0,0,77179,77179,NA,NA,NA
id[873],77364,77364,0,0,77364,77364,NA,NA,NA
id[874],77376,77376,0,0,77376,77376,NA,NA,NA
id[875],77518,77518,0,0,77518,77518,NA,NA,NA
id[876],77526,77526,0,0,77526,77526,NA,NA,NA
id[877],77555,77555,0,0,77555,77555,NA,NA,NA
id[878],77589,77589,0,0,77589,77589,NA,NA,NA
id[879],77590,77590,0,0,77590,77590,NA,NA,NA
id[880],77688,77688,0,0,77688,77688,NA,NA,NA
id[881],77718,77718,0,0,77718,77718,NA,NA,NA
id[882],77726,77726,0,0,77726,77726,NA,NA,NA
id[883],77934,77934,0,0,77934,77934,NA,NA,NA
id[884],78067,78067,0,0,78067,78067,NA,NA,NA
id[885],78084,78084,0,0,78084,78084,NA,NA,NA
id[886],78113,78113,0,0,78113,78113,NA,NA,NA
id[887],78227,78227,0,0,78227,78227,NA,NA,NA
id[888],78313,78313,0,0,78313,78313,NA,NA,NA
id[889],78317,78317,0,0,78317,78317,NA,NA,NA
id[890],78326,78326,0,0,78326,78326,NA,NA,NA
id[891],78334,78334,0,0,78334,78334,NA,NA,NA
id[892],78374,78374,0,0,78374,78374,NA,NA,NA
id[893],78496,78496,0,0,78496,78496,NA,NA,NA
id[894],78513,78513,0,0,78513,78513,NA,NA,NA
id[895],78564,78564,0,0,78564,78564,NA,NA,NA
id[896],78680,78680,0,0,78680,78680,NA,NA,NA
id[897],78874,78874,0,0,78874,78874,NA,NA,NA
id[898],78924,78924,0,0,78924,78924,NA,NA,NA
id[899],78962,78962,0,0,78962,78962,NA,NA,NA
id[900],78980,78980,0,0,78980,78980,NA,NA,NA
id[901],79000,79000,0,0,79000,79000,NA,NA,NA
id[902],79102,79102,0,0,79102,79102,NA,NA,NA
id[903],79176,79176,0,0,79176,79176,NA,NA,NA
id[904],79261,79261,0,0,79261,79261,NA,NA,NA
id[905],79383,79383,0,0,79383,79383,NA,NA,NA
id[906],79468,79468,0,0,79468,79468,NA,NA,NA
id[907],79538,79538,0,0,79538,79538,NA,NA,NA
id[908],79542,79542,0,0,79542,79542,NA,NA,NA
id[909],79545,79545,0,0,79545,79545,NA,NA,NA
id[910],79580,79580,0,0,79580,79580,NA,NA,NA
id[911],79711,79711,0,0,79711,79711,NA,NA,NA
id[912],79885,79885,0,0,79885,79885,NA,NA,NA
id[913],79940,79940,0,0,79940,79940,NA,NA,NA
id[914],80060,80060,0,0,80060,80060,NA,NA,NA
id[915],80172,80172,0,0,80172,80172,NA,NA,NA
id[916],80223,80223,0,0,80223,80223,NA,NA,NA
id[917],80257,80257,0,0,80257,80257,NA,NA,NA
id[918],80388,80388,0,0,80388,80388,NA,NA,NA
id[919],80420,80420,0,0,80420,80420,NA,NA,NA
id[920],80496,80496,0,0,80496,80496,NA,NA,NA
id[921],80500,80500,0,0,80500,80500,NA,NA,NA
id[922],80622,80622,0,0,80622,80622,NA,NA,NA
id[923],80675,80675,0,0,80675,80675,NA,NA,NA
id[924],80695,80695,0,0,80695,80695,NA,NA,NA
id[925],80750,80750,0,0,80750,80750,NA,NA,NA
id[926],80808,80808,0,0,80808,80808,NA,NA,NA
id[927],80828,80828,0,0,80828,80828,NA,NA,NA
id[928],80919,80919,0,0,80919,80919,NA,NA,NA
id[929],81056,81056,0,0,81056,81056,NA,NA,NA
id[930],81117,81117,0,0,81117,81117,NA,NA,NA
id[931],81190,81190,0,0,81190,81190,NA,NA,NA
id[932],81220,81220,0,0,81220,81220,NA,NA,NA
id[933],81229,81229,0,0,81229,81229,NA,NA,NA
id[934],81259,81259,0,0,81259,81259,NA,NA,NA
id[935],81314,81314,0,0,81314,81314,NA,NA,NA
id[936],81319,81319,0,0,81319,81319,NA,NA,NA
id[937],81333,81333,0,0,81333,81333,NA,NA,NA
id[938],81422,81422,0,0,81422,81422,NA,NA,NA
id[939],81482,81482,0,0,81482,81482,NA,NA,NA
id[940],81669,81669,0,0,81669,81669,NA,NA,NA
id[941],81733,81733,0,0,81733,81733,NA,NA,NA
id[942],82067,82067,0,0,82067,82067,NA,NA,NA
id[943],82252,82252,0,0,82252,82252,NA,NA,NA
id[944],82273,82273,0,0,82273,82273,NA,NA,NA
id[945],82332,82332,0,0,82332,82332,NA,NA,NA
id[946],82377,82377,0,0,82377,82377,NA,NA,NA
id[947],82381,82381,0,0,82381,82381,NA,NA,NA
id[948],82487,82487,0,0,82487,82487,NA,NA,NA
id[949],82636,82636,0,0,82636,82636,NA,NA,NA
id[950],82682,82682,0,0,82682,82682,NA,NA,NA
id[951],82796,82796,0,0,82796,82796,NA,NA,NA
id[952],82826,82826,0,0,82826,82826,NA,NA,NA
id[953],82829,82829,0,0,82829,82829,NA,NA,NA
id[954],82925,82925,0,0,82925,82925,NA,NA,NA
id[955],83035,83035,0,0,83035,83035,NA,NA,NA
id[956],83213,83213,0,0,83213,83213,NA,NA,NA
id[957],83296,83296,0,0,83296,83296,NA,NA,NA
id[958],83305,83305,0,0,83305,83305,NA,NA,NA
id[959],83344,83344,0,0,83344,83344,NA,NA,NA
id[960],83426,83426,0,0,83426,83426,NA,NA,NA
id[961],83436,83436,0,0,83436,83436,NA,NA,NA
id[962],83604,83604,0,0,83604,83604,NA,NA,NA
id[963],83631,83631,0,0,83631,83631,NA,NA,NA
id[964],83699,83699,0,0,83699,83699,NA,NA,NA
id[965],83732,83732,0,0,83732,83732,NA,NA,NA
id[966],83811,83811,0,0,83811,83811,NA,NA,NA
id[967],83906,83906,0,0,83906,83906,NA,NA,NA
id[968],83915,83915,0,0,83915,83915,NA,NA,NA
id[969],84476,84476,0,0,84476,84476,NA,NA,NA
id[970],84527,84527,0,0,84527,84527,NA,NA,NA
id[971],84529,84529,0,0,84529,84529,NA,NA,NA
id[972],84610,84610,0,0,84610,84610,NA,NA,NA
id[973],84630,84630,0,0,84630,84630,NA,NA,NA
id[974],84632,84632,0,0,84632,84632,NA,NA,NA
id[975],84644,84644,0,0,84644,84644,NA,NA,NA
id[976],84676,84676,0,0,84676,84676,NA,NA,NA
id[977],85184,85184,0,0,85184,85184,NA,NA,NA
id[978],85304,85304,0,0,85304,85304,NA,NA,NA
id[979],85519,85519,0,0,85519,85519,NA,NA,NA
id[980],85541,85541,0,0,85541,85541,NA,NA,NA
id[981],86081,86081,0,0,86081,86081,NA,NA,NA
id[982],86241,86241,0,0,86241,86241,NA,NA,NA
id[983],86243,86243,0,0,86243,86243,NA,NA,NA
id[984],86303,86303,0,0,86303,86303,NA,NA,NA
id[985],86472,86472,0,0,86472,86472,NA,NA,NA
id[986],86577,86577,0,0,86577,86577,NA,NA,NA
id[987],86631,86631,0,0,86631,86631,NA,NA,NA
id[988],86795,86795,0,0,86795,86795,NA,NA,NA
id[989],86816,86816,0,0,86816,86816,NA,NA,NA
id[990],86853,86853,0,0,86853,86853,NA,NA,NA
id[991],86871,86871,0,0,86871,86871,NA,NA,NA
id[992],86893,86893,0,0,86893,86893,NA,NA,NA
id[993],86934,86934,0,0,86934,86934,NA,NA,NA
id[994],87283,87283,0,0,87283,87283,NA,NA,NA
id[995],87299,87299,0,0,87299,87299,NA,NA,NA
id[996],87486,87486,0,0,87486,87486,NA,NA,NA
id[997],87519,87519,0,0,87519,87519,NA,NA,NA
id[998],87590,87590,0,0,87590,87590,NA,NA,NA
id[999],87718,87718,0,0,87718,87718,NA,NA,NA
id[1000],87755,87755,0,0,87755,87755,NA,NA,NA
id[1001],87890,87890,0,0,87890,87890,NA,NA,NA
id[1002],87900,87900,0,0,87900,87900,NA,NA,NA
id[1003],88210,88210,0,0,88210,88210,NA,NA,NA
id[1004],88317,88317,0,0,88317,88317,NA,NA,NA
id[1005],88398,88398,0,0,88398,88398,NA,NA,NA
id[1006],88828,88828,0,0,88828,88828,NA,NA,NA
id[1007],88871,88871,0,0,88871,88871,NA,NA,NA
id[1008],89126,89126,0,0,89126,89126,NA,NA,NA
id[1009],89272,89272,0,0,89272,89272,NA,NA,NA
id[1010],89308,89308,0,0,89308,89308,NA,NA,NA
id[1011],89344,89344,0,0,89344,89344,NA,NA,NA
id[1012],89825,89825,0,0,89825,89825,NA,NA,NA
id[1013],90012,90012,0,0,90012,90012,NA,NA,NA
id[1014],90090,90090,0,0,90090,90090,NA,NA,NA
id[1015],90117,90117,0,0,90117,90117,NA,NA,NA
id[1016],90186,90186,0,0,90186,90186,NA,NA,NA
id[1017],90213,90213,0,0,90213,90213,NA,NA,NA
id[1018],90251,90251,0,0,90251,90251,NA,NA,NA
id[1019],90437,90437,0,0,90437,90437,NA,NA,NA
id[1020],90546,90546,0,0,90546,90546,NA,NA,NA
id[1021],90650,90650,0,0,90650,90650,NA,NA,NA
id[1022],91338,91338,0,0,91338,91338,NA,NA,NA
id[1023],91506,91506,0,0,91506,91506,NA,NA,NA
id[1024],91592,91592,0,0,91592,91592,NA,NA,NA
id[1025],91735,91735,0,0,91735,91735,NA,NA,NA
id[1026],91753,91753,0,0,91753,91753,NA,NA,NA
id[1027],91836,91836,0,0,91836,91836,NA,NA,NA
id[1028],91999,91999,0,0,91999,91999,NA,NA,NA
id[1029],92185,92185,0,0,92185,92185,NA,NA,NA
id[1030],92230,92230,0,0,92230,92230,NA,NA,NA
id[1031],92368,92368,0,0,92368,92368,NA,NA,NA
id[1032],92378,92378,0,0,92378,92378,NA,NA,NA
id[1033],92459,92459,0,0,92459,92459,NA,NA,NA
id[1034],92622,92622,0,0,92622,92622,NA,NA,NA
id[1035],93022,93022,0,0,93022,93022,NA,NA,NA
id[1036],93248,93248,0,0,93248,93248,NA,NA,NA
id[1037],93354,93354,0,0,93354,93354,NA,NA,NA
id[1038],93398,93398,0,0,93398,93398,NA,NA,NA
id[1039],93546,93546,0,0,93546,93546,NA,NA,NA
id[1040],93683,93683,0,0,93683,93683,NA,NA,NA
id[1041],93695,93695,0,0,93695,93695,NA,NA,NA
id[1042],93823,93823,0,0,93823,93823,NA,NA,NA
id[1043],93834,93834,0,0,93834,93834,NA,NA,NA
id[1044],93852,93852,0,0,93852,93852,NA,NA,NA
id[1045],93950,93950,0,0,93950,93950,NA,NA,NA
id[1046],93980,93980,0,0,93980,93980,NA,NA,NA
id[1047],94008,94008,0,0,94008,94008,NA,NA,NA
id[1048],94527,94527,0,0,94527,94527,NA,NA,NA
id[1049],94558,94558,0,0,94558,94558,NA,NA,NA
id[1050],94568,94568,0,0,94568,94568,NA,NA,NA
id[1051],94590,94590,0,0,94590,94590,NA,NA,NA
id[1052],94773,94773,0,0,94773,94773,NA,NA,NA
id[1053],94791,94791,0,0,94791,94791,NA,NA,NA
id[1054],94926,94926,0,0,94926,94926,NA,NA,NA
id[1055],94969,94969,0,0,94969,94969,NA,NA,NA
id[1056],95052,95052,0,0,95052,95052,NA,NA,NA
id[1057],95210,95210,0,0,95210,95210,NA,NA,NA
id[1058],95475,95475,0,0,95475,95475,NA,NA,NA
id[1059],95587,95587,0,0,95587,95587,NA,NA,NA
id[1060],95627,95627,0,0,95627,95627,NA,NA,NA
id[1061],95675,95675,0,0,95675,95675,NA,NA,NA
id[1062],95760,95760,0,0,95760,95760,NA,NA,NA
id[1063],95957,95957,0,0,95957,95957,NA,NA,NA
id[1064],96046,96046,0,0,96046,96046,NA,NA,NA
id[1065],96203,96203,0,0,96203,96203,NA,NA,NA
id[1066],96321,96321,0,0,96321,96321,NA,NA,NA
id[1067],96438,96438,0,0,96438,96438,NA,NA,NA
id[1068],96478,96478,0,0,96478,96478,NA,NA,NA
id[1069],96526,96526,0,0,96526,96526,NA,NA,NA
id[1070],96531,96531,0,0,96531,96531,NA,NA,NA
id[1071],96787,96787,0,0,96787,96787,NA,NA,NA
id[1072],96876,96876,0,0,96876,96876,NA,NA,NA
id[1073],97122,97122,0,0,97122,97122,NA,NA,NA
id[1074],97126,97126,0,0,97126,97126,NA,NA,NA
id[1075],97139,97139,0,0,97139,97139,NA,NA,NA
id[1076],97271,97271,0,0,97271,97271,NA,NA,NA
id[1077],97366,97366,0,0,97366,97366,NA,NA,NA
id[1078],97543,97543,0,0,97543,97543,NA,NA,NA
id[1079],97830,97830,0,0,97830,97830,NA,NA,NA
id[1080],98042,98042,0,0,98042,98042,NA,NA,NA
id[1081],98195,98195,0,0,98195,98195,NA,NA,NA
id[1082],98479,98479,0,0,98479,98479,NA,NA,NA
id[1083],98498,98498,0,0,98498,98498,NA,NA,NA
id[1084],98737,98737,0,0,98737,98737,NA,NA,NA
id[1085],98924,98924,0,0,98924,98924,NA,NA,NA
id[1086],99034,99034,0,0,99034,99034,NA,NA,NA
id[1087],99087,99087,0,0,99087,99087,NA,NA,NA
id[1088],99156,99156,0,0,99156,99156,NA,NA,NA
id[1089],99500,99500,0,0,99500,99500,NA,NA,NA
id[1090],99533,99533,0,0,99533,99533,NA,NA,NA
id[1091],99697,99697,0,0,99697,99697,NA,NA,NA
id[1092],99918,99918,0,0,99918,99918,NA,NA,NA
id[1093],99964,99964,0,0,99964,99964,NA,NA,NA
id[1094],100229,100229,0,0,100229,100229,NA,NA,NA
id[1095],100233,100233,0,0,100233,100233,NA,NA,NA
id[1096],100312,100312,0,0,100312,100312,NA,NA,NA
id[1097],100341,100341,0,0,100341,100341,NA,NA,NA
id[1098],100350,100350,0,0,100350,100350,NA,NA,NA
id[1099],100472,100472,0,0,100472,100472,NA,NA,NA
id[1100],100642,100642,0,0,100642,100642,NA,NA,NA
id[1101],100714,100714,0,0,100714,100714,NA,NA,NA
id[1102],100864,100864,0,0,100864,100864,NA,NA,NA
id[1103],100981,100981,0,0,100981,100981,NA,NA,NA
id[1104],101027,101027,0,0,101027,101027,NA,NA,NA
id[1105],101495,101495,0,0,101495,101495,NA,NA,NA
id[1106],101752,101752,0,0,101752,101752,NA,NA,NA
id[1107],101919,101919,0,0,101919,101919,NA,NA,NA
id[1108],102106,102106,0,0,102106,102106,NA,NA,NA
id[1109],102198,102198,0,0,102198,102198,NA,NA,NA
id[1110],102529,102529,0,0,102529,102529,NA,NA,NA
id[1111],102599,102599,0,0,102599,102599,NA,NA,NA
id[1112],102997,102997,0,0,102997,102997,NA,NA,NA
id[1113],103242,103242,0,0,103242,103242,NA,NA,NA
id[1114],103254,103254,0,0,103254,103254,NA,NA,NA
id[1115],103458,103458,0,0,103458,103458,NA,NA,NA
id[1116],103593,103593,0,0,103593,103593,NA,NA,NA
id[1117],103661,103661,0,0,103661,103661,NA,NA,NA
id[1118],103717,103717,0,0,103717,103717,NA,NA,NA
id[1119],104016,104016,0,0,104016,104016,NA,NA,NA
id[1120],104220,104220,0,0,104220,104220,NA,NA,NA
id[1121],104356,104356,0,0,104356,104356,NA,NA,NA
id[1122],105092,105092,0,0,105092,105092,NA,NA,NA
id[1123],105280,105280,0,0,105280,105280,NA,NA,NA
id[1124],105383,105383,0,0,105383,105383,NA,NA,NA
id[1125],105449,105449,0,0,105449,105449,NA,NA,NA
id[1126],105558,105558,0,0,105558,105558,NA,NA,NA
id[1127],105598,105598,0,0,105598,105598,NA,NA,NA
id[1128],105649,105649,0,0,105649,105649,NA,NA,NA
id[1129],105680,105680,0,0,105680,105680,NA,NA,NA
id[1130],105705,105705,0,0,105705,105705,NA,NA,NA
id[1131],105712,105712,0,0,105712,105712,NA,NA,NA
id[1132],105744,105744,0,0,105744,105744,NA,NA,NA
id[1133],105864,105864,0,0,105864,105864,NA,NA,NA
id[1134],105988,105988,0,0,105988,105988,NA,NA,NA
id[1135],105989,105989,0,0,105989,105989,NA,NA,NA
id[1136],106193,106193,0,0,106193,106193,NA,NA,NA
id[1137],106289,106289,0,0,106289,106289,NA,NA,NA
id[1138],106321,106321,0,0,106321,106321,NA,NA,NA
id[1139],106356,106356,0,0,106356,106356,NA,NA,NA
id[1140],106386,106386,0,0,106386,106386,NA,NA,NA
id[1141],106414,106414,0,0,106414,106414,NA,NA,NA
id[1142],106431,106431,0,0,106431,106431,NA,NA,NA
id[1143],106667,106667,0,0,106667,106667,NA,NA,NA
id[1144],106705,106705,0,0,106705,106705,NA,NA,NA
id[1145],106730,106730,0,0,106730,106730,NA,NA,NA
id[1146],107200,107200,0,0,107200,107200,NA,NA,NA
id[1147],107433,107433,0,0,107433,107433,NA,NA,NA
id[1148],107532,107532,0,0,107532,107532,NA,NA,NA
id[1149],107552,107552,0,0,107552,107552,NA,NA,NA
id[1150],107609,107609,0,0,107609,107609,NA,NA,NA
id[1151],107978,107978,0,0,107978,107978,NA,NA,NA
id[1152],108109,108109,0,0,108109,108109,NA,NA,NA
id[1153],108412,108412,0,0,108412,108412,NA,NA,NA
id[1154],108446,108446,0,0,108446,108446,NA,NA,NA
id[1155],109200,109200,0,0,109200,109200,NA,NA,NA
id[1156],109244,109244,0,0,109244,109244,NA,NA,NA
id[1157],109274,109274,0,0,109274,109274,NA,NA,NA
id[1158],109303,109303,0,0,109303,109303,NA,NA,NA
id[1159],109543,109543,0,0,109543,109543,NA,NA,NA
id[1160],109746,109746,0,0,109746,109746,NA,NA,NA
id[1161],110002,110002,0,0,110002,110002,NA,NA,NA
id[1162],110088,110088,0,0,110088,110088,NA,NA,NA
id[1163],110198,110198,0,0,110198,110198,NA,NA,NA
id[1164],110238,110238,0,0,110238,110238,NA,NA,NA
id[1165],110621,110621,0,0,110621,110621,NA,NA,NA
id[1166],110632,110632,0,0,110632,110632,NA,NA,NA
id[1167],110702,110702,0,0,110702,110702,NA,NA,NA
id[1168],111027,111027,0,0,111027,111027,NA,NA,NA
id[1169],111078,111078,0,0,111078,111078,NA,NA,NA
id[1170],111184,111184,0,0,111184,111184,NA,NA,NA
id[1171],111314,111314,0,0,111314,111314,NA,NA,NA
id[1172],112004,112004,0,0,112004,112004,NA,NA,NA
id[1173],112032,112032,0,0,112032,112032,NA,NA,NA
id[1174],112070,112070,0,0,112070,112070,NA,NA,NA
id[1175],112084,112084,0,0,112084,112084,NA,NA,NA
id[1176],112102,112102,0,0,112102,112102,NA,NA,NA
id[1177],112112,112112,0,0,112112,112112,NA,NA,NA
id[1178],112184,112184,0,0,112184,112184,NA,NA,NA
id[1179],112296,112296,0,0,112296,112296,NA,NA,NA
id[1180],112299,112299,0,0,112299,112299,NA,NA,NA
id[1181],112300,112300,0,0,112300,112300,NA,NA,NA
id[1182],112440,112440,0,0,112440,112440,NA,NA,NA
id[1183],113045,113045,0,0,113045,113045,NA,NA,NA
id[1184],113159,113159,0,0,113159,113159,NA,NA,NA
id[1185],113175,113175,0,0,113175,113175,NA,NA,NA
id[1186],113274,113274,0,0,113274,113274,NA,NA,NA
id[1187],113337,113337,0,0,113337,113337,NA,NA,NA
id[1188],113356,113356,0,0,113356,113356,NA,NA,NA
id[1189],113499,113499,0,0,113499,113499,NA,NA,NA
id[1190],113539,113539,0,0,113539,113539,NA,NA,NA
id[1191],113657,113657,0,0,113657,113657,NA,NA,NA
id[1192],113722,113722,0,0,113722,113722,NA,NA,NA
id[1193],113728,113728,0,0,113728,113728,NA,NA,NA
id[1194],113920,113920,0,0,113920,113920,NA,NA,NA
id[1195],113963,113963,0,0,113963,113963,NA,NA,NA
id[1196],114135,114135,0,0,114135,114135,NA,NA,NA
id[1197],114147,114147,0,0,114147,114147,NA,NA,NA
id[1198],114247,114247,0,0,114247,114247,NA,NA,NA
id[1199],114295,114295,0,0,114295,114295,NA,NA,NA
id[1200],114495,114495,0,0,114495,114495,NA,NA,NA
id[1201],114690,114690,0,0,114690,114690,NA,NA,NA
id[1202],114747,114747,0,0,114747,114747,NA,NA,NA
id[1203],114787,114787,0,0,114787,114787,NA,NA,NA
id[1204],114791,114791,0,0,114791,114791,NA,NA,NA
id[1205],114874,114874,0,0,114874,114874,NA,NA,NA
id[1206],115280,115280,0,0,115280,115280,NA,NA,NA
id[1207],115379,115379,0,0,115379,115379,NA,NA,NA
id[1208],115467,115467,0,0,115467,115467,NA,NA,NA
id[1209],115528,115528,0,0,115528,115528,NA,NA,NA
id[1210],115586,115586,0,0,115586,115586,NA,NA,NA
id[1211],115902,115902,0,0,115902,115902,NA,NA,NA
id[1212],115948,115948,0,0,115948,115948,NA,NA,NA
id[1213],115982,115982,0,0,115982,115982,NA,NA,NA
id[1214],116672,116672,0,0,116672,116672,NA,NA,NA
id[1215],116821,116821,0,0,116821,116821,NA,NA,NA
id[1216],116911,116911,0,0,116911,116911,NA,NA,NA
id[1217],116922,116922,0,0,116922,116922,NA,NA,NA
id[1218],117044,117044,0,0,117044,117044,NA,NA,NA
id[1219],117134,117134,0,0,117134,117134,NA,NA,NA
id[1220],117408,117408,0,0,117408,117408,NA,NA,NA
id[1221],117471,117471,0,0,117471,117471,NA,NA,NA
id[1222],117496,117496,0,0,117496,117496,NA,NA,NA
id[1223],117788,117788,0,0,117788,117788,NA,NA,NA
id[1224],117982,117982,0,0,117982,117982,NA,NA,NA
id[1225],118289,118289,0,0,118289,118289,NA,NA,NA
id[1226],118546,118546,0,0,118546,118546,NA,NA,NA
id[1227],118579,118579,0,0,118579,118579,NA,NA,NA
id[1228],119684,119684,0,0,119684,119684,NA,NA,NA
id[1229],119692,119692,0,0,119692,119692,NA,NA,NA
id[1230],119739,119739,0,0,119739,119739,NA,NA,NA
id[1231],119787,119787,0,0,119787,119787,NA,NA,NA
id[1232],120000,120000,0,0,120000,120000,NA,NA,NA
id[1233],120101,120101,0,0,120101,120101,NA,NA,NA
id[1234],120208,120208,0,0,120208,120208,NA,NA,NA
id[1235],120509,120509,0,0,120509,120509,NA,NA,NA
id[1236],120755,120755,0,0,120755,120755,NA,NA,NA
id[1237],121005,121005,0,0,121005,121005,NA,NA,NA
id[1238],121053,121053,0,0,121053,121053,NA,NA,NA
id[1239],121171,121171,0,0,121171,121171,NA,NA,NA
id[1240],121283,121283,0,0,121283,121283,NA,NA,NA
id[1241],121837,121837,0,0,121837,121837,NA,NA,NA
id[1242],122531,122531,0,0,122531,122531,NA,NA,NA
id[1243],122566,122566,0,0,122566,122566,NA,NA,NA
id[1244],122778,122778,0,0,122778,122778,NA,NA,NA
id[1245],122815,122815,0,0,122815,122815,NA,NA,NA
id[1246],123108,123108,0,0,123108,123108,NA,NA,NA
id[1247],123351,123351,0,0,123351,123351,NA,NA,NA
id[1248],123474,123474,0,0,123474,123474,NA,NA,NA
id[1249],123690,123690,0,0,123690,123690,NA,NA,NA
id[1250],123805,123805,0,0,123805,123805,NA,NA,NA
id[1251],124068,124068,0,0,124068,124068,NA,NA,NA
id[1252],124158,124158,0,0,124158,124158,NA,NA,NA
id[1253],124177,124177,0,0,124177,124177,NA,NA,NA
id[1254],124382,124382,0,0,124382,124382,NA,NA,NA
id[1255],124462,124462,0,0,124462,124462,NA,NA,NA
id[1256],124566,124566,0,0,124566,124566,NA,NA,NA
id[1257],124571,124571,0,0,124571,124571,NA,NA,NA
id[1258],124754,124754,0,0,124754,124754,NA,NA,NA
id[1259],124853,124853,0,0,124853,124853,NA,NA,NA
id[1260],124959,124959,0,0,124959,124959,NA,NA,NA
id[1261],125058,125058,0,0,125058,125058,NA,NA,NA
id[1262],125278,125278,0,0,125278,125278,NA,NA,NA
id[1263],125537,125537,0,0,125537,125537,NA,NA,NA
id[1264],125592,125592,0,0,125592,125592,NA,NA,NA
id[1265],125736,125736,0,0,125736,125736,NA,NA,NA
id[1266],125842,125842,0,0,125842,125842,NA,NA,NA
id[1267],125987,125987,0,0,125987,125987,NA,NA,NA
id[1268],126406,126406,0,0,126406,126406,NA,NA,NA
id[1269],126462,126462,0,0,126462,126462,NA,NA,NA
id[1270],126838,126838,0,0,126838,126838,NA,NA,NA
id[1271],126905,126905,0,0,126905,126905,NA,NA,NA
id[1272],127150,127150,0,0,127150,127150,NA,NA,NA
id[1273],127165,127165,0,0,127165,127165,NA,NA,NA
id[1274],127276,127276,0,0,127276,127276,NA,NA,NA
id[1275],127331,127331,0,0,127331,127331,NA,NA,NA
id[1276],127410,127410,0,0,127410,127410,NA,NA,NA
id[1277],127603,127603,0,0,127603,127603,NA,NA,NA
id[1278],127832,127832,0,0,127832,127832,NA,NA,NA
id[1279],127999,127999,0,0,127999,127999,NA,NA,NA
id[1280],128079,128079,0,0,128079,128079,NA,NA,NA
id[1281],128137,128137,0,0,128137,128137,NA,NA,NA
id[1282],128139,128139,0,0,128139,128139,NA,NA,NA
id[1283],128411,128411,0,0,128411,128411,NA,NA,NA
id[1284],128631,128631,0,0,128631,128631,NA,NA,NA
id[1285],128833,128833,0,0,128833,128833,NA,NA,NA
id[1286],128841,128841,0,0,128841,128841,NA,NA,NA
id[1287],128993,128993,0,0,128993,128993,NA,NA,NA
id[1288],129042,129042,0,0,129042,129042,NA,NA,NA
id[1289],129049,129049,0,0,129049,129049,NA,NA,NA
id[1290],129467,129467,0,0,129467,129467,NA,NA,NA
id[1291],130398,130398,0,0,130398,130398,NA,NA,NA
id[1292],130520,130520,0,0,130520,130520,NA,NA,NA
id[1293],130917,130917,0,0,130917,130917,NA,NA,NA
id[1294],130928,130928,0,0,130928,130928,NA,NA,NA
id[1295],131035,131035,0,0,131035,131035,NA,NA,NA
id[1296],131144,131144,0,0,131144,131144,NA,NA,NA
id[1297],131731,131731,0,0,131731,131731,NA,NA,NA
id[1298],131941,131941,0,0,131941,131941,NA,NA,NA
id[1299],131979,131979,0,0,131979,131979,NA,NA,NA
id[1300],132302,132302,0,0,132302,132302,NA,NA,NA
id[1301],132717,132717,0,0,132717,132717,NA,NA,NA
id[1302],132967,132967,0,0,132967,132967,NA,NA,NA
id[1303],133254,133254,0,0,133254,133254,NA,NA,NA
id[1304],133258,133258,0,0,133258,133258,NA,NA,NA
id[1305],134002,134002,0,0,134002,134002,NA,NA,NA
id[1306],134024,134024,0,0,134024,134024,NA,NA,NA
id[1307],134120,134120,0,0,134120,134120,NA,NA,NA
id[1308],134315,134315,0,0,134315,134315,NA,NA,NA
id[1309],134339,134339,0,0,134339,134339,NA,NA,NA
id[1310],134485,134485,0,0,134485,134485,NA,NA,NA
id[1311],134586,134586,0,0,134586,134586,NA,NA,NA
id[1312],134845,134845,0,0,134845,134845,NA,NA,NA
id[1313],134954,134954,0,0,134954,134954,NA,NA,NA
id[1314],135012,135012,0,0,135012,135012,NA,NA,NA
id[1315],135277,135277,0,0,135277,135277,NA,NA,NA
id[1316],135306,135306,0,0,135306,135306,NA,NA,NA
id[1317],135831,135831,0,0,135831,135831,NA,NA,NA
id[1318],136076,136076,0,0,136076,136076,NA,NA,NA
id[1319],136518,136518,0,0,136518,136518,NA,NA,NA
id[1320],136599,136599,0,0,136599,136599,NA,NA,NA
id[1321],137250,137250,0,0,137250,137250,NA,NA,NA
id[1322],137360,137360,0,0,137360,137360,NA,NA,NA
id[1323],137483,137483,0,0,137483,137483,NA,NA,NA
id[1324],137947,137947,0,0,137947,137947,NA,NA,NA
id[1325],138023,138023,0,0,138023,138023,NA,NA,NA
id[1326],138149,138149,0,0,138149,138149,NA,NA,NA
id[1327],138425,138425,0,0,138425,138425,NA,NA,NA
id[1328],138525,138525,0,0,138525,138525,NA,NA,NA
id[1329],138599,138599,0,0,138599,138599,NA,NA,NA
id[1330],138606,138606,0,0,138606,138606,NA,NA,NA
id[1331],138698,138698,0,0,138698,138698,NA,NA,NA
id[1332],138892,138892,0,0,138892,138892,NA,NA,NA
id[1333],138928,138928,0,0,138928,138928,NA,NA,NA
id[1334],139029,139029,0,0,139029,139029,NA,NA,NA
id[1335],139235,139235,0,0,139235,139235,NA,NA,NA
id[1336],139403,139403,0,0,139403,139403,NA,NA,NA
id[1337],139472,139472,0,0,139472,139472,NA,NA,NA
id[1338],139491,139491,0,0,139491,139491,NA,NA,NA
id[1339],139679,139679,0,0,139679,139679,NA,NA,NA
id[1340],139692,139692,0,0,139692,139692,NA,NA,NA
id[1341],139728,139728,0,0,139728,139728,NA,NA,NA
id[1342],139843,139843,0,0,139843,139843,NA,NA,NA
id[1343],139959,139959,0,0,139959,139959,NA,NA,NA
id[1344],139978,139978,0,0,139978,139978,NA,NA,NA
id[1345],140377,140377,0,0,140377,140377,NA,NA,NA
id[1346],140425,140425,0,0,140425,140425,NA,NA,NA
id[1347],140561,140561,0,0,140561,140561,NA,NA,NA
id[1348],140590,140590,0,0,140590,140590,NA,NA,NA
id[1349],140615,140615,0,0,140615,140615,NA,NA,NA
id[1350],140703,140703,0,0,140703,140703,NA,NA,NA
id[1351],140829,140829,0,0,140829,140829,NA,NA,NA
id[1352],140847,140847,0,0,140847,140847,NA,NA,NA
id[1353],140958,140958,0,0,140958,140958,NA,NA,NA
id[1354],140967,140967,0,0,140967,140967,NA,NA,NA
id[1355],141380,141380,0,0,141380,141380,NA,NA,NA
id[1356],141429,141429,0,0,141429,141429,NA,NA,NA
id[1357],141585,141585,0,0,141585,141585,NA,NA,NA
id[1358],141737,141737,0,0,141737,141737,NA,NA,NA
id[1359],142050,142050,0,0,142050,142050,NA,NA,NA
id[1360],142145,142145,0,0,142145,142145,NA,NA,NA
id[1361],142171,142171,0,0,142171,142171,NA,NA,NA
id[1362],142308,142308,0,0,142308,142308,NA,NA,NA
id[1363],142390,142390,0,0,142390,142390,NA,NA,NA
id[1364],142750,142750,0,0,142750,142750,NA,NA,NA
id[1365],142849,142849,0,0,142849,142849,NA,NA,NA
id[1366],142882,142882,0,0,142882,142882,NA,NA,NA
id[1367],142883,142883,0,0,142883,142883,NA,NA,NA
id[1368],143026,143026,0,0,143026,143026,NA,NA,NA
id[1369],143068,143068,0,0,143068,143068,NA,NA,NA
id[1370],143248,143248,0,0,143248,143248,NA,NA,NA
id[1371],143291,143291,0,0,143291,143291,NA,NA,NA
id[1372],143594,143594,0,0,143594,143594,NA,NA,NA
id[1373],143752,143752,0,0,143752,143752,NA,NA,NA
id[1374],143927,143927,0,0,143927,143927,NA,NA,NA
id[1375],144028,144028,0,0,144028,144028,NA,NA,NA
id[1376],144035,144035,0,0,144035,144035,NA,NA,NA
id[1377],144583,144583,0,0,144583,144583,NA,NA,NA
id[1378],144661,144661,0,0,144661,144661,NA,NA,NA
id[1379],144816,144816,0,0,144816,144816,NA,NA,NA
id[1380],144833,144833,0,0,144833,144833,NA,NA,NA
id[1381],144978,144978,0,0,144978,144978,NA,NA,NA
id[1382],145026,145026,0,0,145026,145026,NA,NA,NA
id[1383],145074,145074,0,0,145074,145074,NA,NA,NA
id[1384],145290,145290,0,0,145290,145290,NA,NA,NA
id[1385],145339,145339,0,0,145339,145339,NA,NA,NA
id[1386],145706,145706,0,0,145706,145706,NA,NA,NA
id[1387],145737,145737,0,0,145737,145737,NA,NA,NA
id[1388],145742,145742,0,0,145742,145742,NA,NA,NA
id[1389],145783,145783,0,0,145783,145783,NA,NA,NA
id[1390],145785,145785,0,0,145785,145785,NA,NA,NA
id[1391],145961,145961,0,0,145961,145961,NA,NA,NA
id[1392],146056,146056,0,0,146056,146056,NA,NA,NA
id[1393],146180,146180,0,0,146180,146180,NA,NA,NA
id[1394],146423,146423,0,0,146423,146423,NA,NA,NA
id[1395],146610,146610,0,0,146610,146610,NA,NA,NA
id[1396],146641,146641,0,0,146641,146641,NA,NA,NA
id[1397],146676,146676,0,0,146676,146676,NA,NA,NA
id[1398],146679,146679,0,0,146679,146679,NA,NA,NA
id[1399],146681,146681,0,0,146681,146681,NA,NA,NA
id[1400],146702,146702,0,0,146702,146702,NA,NA,NA
id[1401],147015,147015,0,0,147015,147015,NA,NA,NA
id[1402],147071,147071,0,0,147071,147071,NA,NA,NA
id[1403],147083,147083,0,0,147083,147083,NA,NA,NA
id[1404],147400,147400,0,0,147400,147400,NA,NA,NA
id[1405],147536,147536,0,0,147536,147536,NA,NA,NA
id[1406],147600,147600,0,0,147600,147600,NA,NA,NA
id[1407],147625,147625,0,0,147625,147625,NA,NA,NA
id[1408],147983,147983,0,0,147983,147983,NA,NA,NA
id[1409],148047,148047,0,0,148047,148047,NA,NA,NA
id[1410],148126,148126,0,0,148126,148126,NA,NA,NA
id[1411],148344,148344,0,0,148344,148344,NA,NA,NA
id[1412],148418,148418,0,0,148418,148418,NA,NA,NA
id[1413],148543,148543,0,0,148543,148543,NA,NA,NA
id[1414],148591,148591,0,0,148591,148591,NA,NA,NA
id[1415],148834,148834,0,0,148834,148834,NA,NA,NA
id[1416],148952,148952,0,0,148952,148952,NA,NA,NA
id[1417],149031,149031,0,0,149031,149031,NA,NA,NA
id[1418],149096,149096,0,0,149096,149096,NA,NA,NA
id[1419],149508,149508,0,0,149508,149508,NA,NA,NA
id[1420],149588,149588,0,0,149588,149588,NA,NA,NA
id[1421],149658,149658,0,0,149658,149658,NA,NA,NA
id[1422],149725,149725,0,0,149725,149725,NA,NA,NA
id[1423],150016,150016,0,0,150016,150016,NA,NA,NA
id[1424],150179,150179,0,0,150179,150179,NA,NA,NA
id[1425],150247,150247,0,0,150247,150247,NA,NA,NA
id[1426],150261,150261,0,0,150261,150261,NA,NA,NA
id[1427],150399,150399,0,0,150399,150399,NA,NA,NA
id[1428],150456,150456,0,0,150456,150456,NA,NA,NA
id[1429],150535,150535,0,0,150535,150535,NA,NA,NA
id[1430],150556,150556,0,0,150556,150556,NA,NA,NA
id[1431],150616,150616,0,0,150616,150616,NA,NA,NA
id[1432],150708,150708,0,0,150708,150708,NA,NA,NA
id[1433],150746,150746,0,0,150746,150746,NA,NA,NA
id[1434],150751,150751,0,0,150751,150751,NA,NA,NA
id[1435],150854,150854,0,0,150854,150854,NA,NA,NA
id[1436],150883,150883,0,0,150883,150883,NA,NA,NA
id[1437],150930,150930,0,0,150930,150930,NA,NA,NA
id[1438],151038,151038,0,0,151038,151038,NA,NA,NA
id[1439],151096,151096,0,0,151096,151096,NA,NA,NA
id[1440],151108,151108,0,0,151108,151108,NA,NA,NA
id[1441],151176,151176,0,0,151176,151176,NA,NA,NA
id[1442],151255,151255,0,0,151255,151255,NA,NA,NA
id[1443],151370,151370,0,0,151370,151370,NA,NA,NA
id[1444],151520,151520,0,0,151520,151520,NA,NA,NA
id[1445],151547,151547,0,0,151547,151547,NA,NA,NA
id[1446],151558,151558,0,0,151558,151558,NA,NA,NA
id[1447],151601,151601,0,0,151601,151601,NA,NA,NA
id[1448],151690,151690,0,0,151690,151690,NA,NA,NA
id[1449],151716,151716,0,0,151716,151716,NA,NA,NA
id[1450],151719,151719,0,0,151719,151719,NA,NA,NA
id[1451],151822,151822,0,0,151822,151822,NA,NA,NA
id[1452],151857,151857,0,0,151857,151857,NA,NA,NA
id[1453],151956,151956,0,0,151956,151956,NA,NA,NA
id[1454],152012,152012,0,0,152012,152012,NA,NA,NA
id[1455],152013,152013,0,0,152013,152013,NA,NA,NA
id[1456],152101,152101,0,0,152101,152101,NA,NA,NA
id[1457],152103,152103,0,0,152103,152103,NA,NA,NA
id[1458],152136,152136,0,0,152136,152136,NA,NA,NA
id[1459],152156,152156,0,0,152156,152156,NA,NA,NA
id[1460],152172,152172,0,0,152172,152172,NA,NA,NA
id[1461],152183,152183,0,0,152183,152183,NA,NA,NA
id[1462],152219,152219,0,0,152219,152219,NA,NA,NA
id[1463],152231,152231,0,0,152231,152231,NA,NA,NA
id[1464],152242,152242,0,0,152242,152242,NA,NA,NA
id[1465],152365,152365,0,0,152365,152365,NA,NA,NA
id[1466],152400,152400,0,0,152400,152400,NA,NA,NA
id[1467],152407,152407,0,0,152407,152407,NA,NA,NA
id[1468],152448,152448,0,0,152448,152448,NA,NA,NA
id[1469],152492,152492,0,0,152492,152492,NA,NA,NA
id[1470],152500,152500,0,0,152500,152500,NA,NA,NA
id[1471],152535,152535,0,0,152535,152535,NA,NA,NA
id[1472],152670,152670,0,0,152670,152670,NA,NA,NA
id[1473],152792,152792,0,0,152792,152792,NA,NA,NA
id[1474],152853,152853,0,0,152853,152853,NA,NA,NA
id[1475],152880,152880,0,0,152880,152880,NA,NA,NA
id[1476],153018,153018,0,0,153018,153018,NA,NA,NA
id[1477],153050,153050,0,0,153050,153050,NA,NA,NA
id[1478],153159,153159,0,0,153159,153159,NA,NA,NA
id[1479],153224,153224,0,0,153224,153224,NA,NA,NA
id[1480],153358,153358,0,0,153358,153358,NA,NA,NA
id[1481],153512,153512,0,0,153512,153512,NA,NA,NA
id[1482],153677,153677,0,0,153677,153677,NA,NA,NA
id[1483],153712,153712,0,0,153712,153712,NA,NA,NA
id[1484],153805,153805,0,0,153805,153805,NA,NA,NA
id[1485],154009,154009,0,0,154009,154009,NA,NA,NA
id[1486],154039,154039,0,0,154039,154039,NA,NA,NA
id[1487],154098,154098,0,0,154098,154098,NA,NA,NA
id[1488],154103,154103,0,0,154103,154103,NA,NA,NA
id[1489],154128,154128,0,0,154128,154128,NA,NA,NA
id[1490],154184,154184,0,0,154184,154184,NA,NA,NA
id[1491],154201,154201,0,0,154201,154201,NA,NA,NA
id[1492],154235,154235,0,0,154235,154235,NA,NA,NA
id[1493],154325,154325,0,0,154325,154325,NA,NA,NA
id[1494],154336,154336,0,0,154336,154336,NA,NA,NA
id[1495],154422,154422,0,0,154422,154422,NA,NA,NA
id[1496],154444,154444,0,0,154444,154444,NA,NA,NA
id[1497],154488,154488,0,0,154488,154488,NA,NA,NA
id[1498],154507,154507,0,0,154507,154507,NA,NA,NA
id[1499],154519,154519,0,0,154519,154519,NA,NA,NA
id[1500],154608,154608,0,0,154608,154608,NA,NA,NA
id[1501],154634,154634,0,0,154634,154634,NA,NA,NA
id[1502],154733,154733,0,0,154733,154733,NA,NA,NA
id[1503],154848,154848,0,0,154848,154848,NA,NA,NA
id[1504],154898,154898,0,0,154898,154898,NA,NA,NA
id[1505],154984,154984,0,0,154984,154984,NA,NA,NA
id[1506],155052,155052,0,0,155052,155052,NA,NA,NA
id[1507],155117,155117,0,0,155117,155117,NA,NA,NA
id[1508],155168,155168,0,0,155168,155168,NA,NA,NA
id[1509],155174,155174,0,0,155174,155174,NA,NA,NA
id[1510],155337,155337,0,0,155337,155337,NA,NA,NA
id[1511],155445,155445,0,0,155445,155445,NA,NA,NA
id[1512],155491,155491,0,0,155491,155491,NA,NA,NA
id[1513],155505,155505,0,0,155505,155505,NA,NA,NA
id[1514],155511,155511,0,0,155511,155511,NA,NA,NA
id[1515],155601,155601,0,0,155601,155601,NA,NA,NA
id[1516],155666,155666,0,0,155666,155666,NA,NA,NA
id[1517],155689,155689,0,0,155689,155689,NA,NA,NA
id[1518],155756,155756,0,0,155756,155756,NA,NA,NA
id[1519],155803,155803,0,0,155803,155803,NA,NA,NA
id[1520],155833,155833,0,0,155833,155833,NA,NA,NA
id[1521],155895,155895,0,0,155895,155895,NA,NA,NA
id[1522],155907,155907,0,0,155907,155907,NA,NA,NA
id[1523],155961,155961,0,0,155961,155961,NA,NA,NA
id[1524],155986,155986,0,0,155986,155986,NA,NA,NA
id[1525],156036,156036,0,0,156036,156036,NA,NA,NA
id[1526],156065,156065,0,0,156065,156065,NA,NA,NA
id[1527],156143,156143,0,0,156143,156143,NA,NA,NA
id[1528],156144,156144,0,0,156144,156144,NA,NA,NA
id[1529],156171,156171,0,0,156171,156171,NA,NA,NA
id[1530],156242,156242,0,0,156242,156242,NA,NA,NA
id[1531],156256,156256,0,0,156256,156256,NA,NA,NA
id[1532],156318,156318,0,0,156318,156318,NA,NA,NA
id[1533],156492,156492,0,0,156492,156492,NA,NA,NA
id[1534],156504,156504,0,0,156504,156504,NA,NA,NA
id[1535],156586,156586,0,0,156586,156586,NA,NA,NA
id[1536],156627,156627,0,0,156627,156627,NA,NA,NA
id[1537],156682,156682,0,0,156682,156682,NA,NA,NA
id[1538],156820,156820,0,0,156820,156820,NA,NA,NA
id[1539],156854,156854,0,0,156854,156854,NA,NA,NA
id[1540],156862,156862,0,0,156862,156862,NA,NA,NA
id[1541],156912,156912,0,0,156912,156912,NA,NA,NA
id[1542],156987,156987,0,0,156987,156987,NA,NA,NA
id[1543],157112,157112,0,0,157112,157112,NA,NA,NA
id[1544],157120,157120,0,0,157120,157120,NA,NA,NA
id[1545],157211,157211,0,0,157211,157211,NA,NA,NA
id[1546],157240,157240,0,0,157240,157240,NA,NA,NA
id[1547],157269,157269,0,0,157269,157269,NA,NA,NA
id[1548],157308,157308,0,0,157308,157308,NA,NA,NA
id[1549],157314,157314,0,0,157314,157314,NA,NA,NA
id[1550],157464,157464,0,0,157464,157464,NA,NA,NA
id[1551],157477,157477,0,0,157477,157477,NA,NA,NA
id[1552],157523,157523,0,0,157523,157523,NA,NA,NA
id[1553],157620,157620,0,0,157620,157620,NA,NA,NA
id[1554],157637,157637,0,0,157637,157637,NA,NA,NA
id[1555],157723,157723,0,0,157723,157723,NA,NA,NA
id[1556],157782,157782,0,0,157782,157782,NA,NA,NA
id[1557],157807,157807,0,0,157807,157807,NA,NA,NA
id[1558],157816,157816,0,0,157816,157816,NA,NA,NA
id[1559],157881,157881,0,0,157881,157881,NA,NA,NA
id[1560],157927,157927,0,0,157927,157927,NA,NA,NA
id[1561],157944,157944,0,0,157944,157944,NA,NA,NA
id[1562],158095,158095,0,0,158095,158095,NA,NA,NA
id[1563],158105,158105,0,0,158105,158105,NA,NA,NA
id[1564],158131,158131,0,0,158131,158131,NA,NA,NA
id[1565],158134,158134,0,0,158134,158134,NA,NA,NA
id[1566],158203,158203,0,0,158203,158203,NA,NA,NA
id[1567],158286,158286,0,0,158286,158286,NA,NA,NA
id[1568],158304,158304,0,0,158304,158304,NA,NA,NA
id[1569],158324,158324,0,0,158324,158324,NA,NA,NA
id[1570],158357,158357,0,0,158357,158357,NA,NA,NA
id[1571],158487,158487,0,0,158487,158487,NA,NA,NA
id[1572],158517,158517,0,0,158517,158517,NA,NA,NA
id[1573],158638,158638,0,0,158638,158638,NA,NA,NA
id[1574],158644,158644,0,0,158644,158644,NA,NA,NA
id[1575],159112,159112,0,0,159112,159112,NA,NA,NA
id[1576],159113,159113,0,0,159113,159113,NA,NA,NA
id[1577],159182,159182,0,0,159182,159182,NA,NA,NA
id[1578],159308,159308,0,0,159308,159308,NA,NA,NA
id[1579],159340,159340,0,0,159340,159340,NA,NA,NA
id[1580],159355,159355,0,0,159355,159355,NA,NA,NA
id[1581],159367,159367,0,0,159367,159367,NA,NA,NA
id[1582],159405,159405,0,0,159405,159405,NA,NA,NA
id[1583],159419,159419,0,0,159419,159419,NA,NA,NA
id[1584],159489,159489,0,0,159489,159489,NA,NA,NA
id[1585],159546,159546,0,0,159546,159546,NA,NA,NA
id[1586],159683,159683,0,0,159683,159683,NA,NA,NA
id[1587],159726,159726,0,0,159726,159726,NA,NA,NA
id[1588],160008,160008,0,0,160008,160008,NA,NA,NA
id[1589],160023,160023,0,0,160023,160023,NA,NA,NA
id[1590],160180,160180,0,0,160180,160180,NA,NA,NA
id[1591],160331,160331,0,0,160331,160331,NA,NA,NA
id[1592],160358,160358,0,0,160358,160358,NA,NA,NA
id[1593],160367,160367,0,0,160367,160367,NA,NA,NA
id[1594],160382,160382,0,0,160382,160382,NA,NA,NA
id[1595],160404,160404,0,0,160404,160404,NA,NA,NA
id[1596],160413,160413,0,0,160413,160413,NA,NA,NA
id[1597],160474,160474,0,0,160474,160474,NA,NA,NA
id[1598],160475,160475,0,0,160475,160475,NA,NA,NA
id[1599],160572,160572,0,0,160572,160572,NA,NA,NA
id[1600],163960,163960,0,0,163960,163960,NA,NA,NA
id[1601],165624,165624,0,0,165624,165624,NA,NA,NA
