t_sf,t_sf_sd,tau,tau_sd,A,A_sd,x,x_sd,id,id_sd
13.218765070833333,0.3002164360602586,3.9821442966666667,0.4820133013244198,630097901.1666666,36712336.64184248,3.364558396666667,0.38373348038755334,3402,0
13.237635141666667,0.2890148908064417,3.405629815,0.368427645132046,2721075.4858333333,104103.49401108825,3.9286744475,0.3974599159959245,4096,0
12.954984266666667,0.3960391510133094,6.200995882916667,0.6692102697490412,3602569622.9166665,342707522.3221899,2.1125044175,0.22753551326428997,4407,0
13.158637441666666,0.32104587723629996,4.938385830416666,0.6090746850908375,3069607.9254166665,251772.4157692939,2.70319777875,0.32366987791926705,4495,0
13.245061283333333,0.28574371805553905,2.98479363375,0.2756252436446342,919682.6666666666,22088.65854729314,4.471742205833333,0.3841917431911744,5766,0
13.090224829166667,0.35098989305245226,5.542185825,0.6476946763212458,13833245.129166666,1246779.8149161683,2.3929621641666667,0.2762268197574494,5839,0
13.2049258375,0.304940468183088,4.304406644166667,0.5268921492325795,2818900.94875,187921.49516212445,3.110778075,0.3625544999556103,5898,0
12.894853954166667,0.4073173784200469,6.41993518625,0.6729370303104868,2051787.7641666667,196181.1450939662,2.0296373520833333,0.21254084807148677,6107,0
13.24558105,0.2864183027253493,2.81061117125,0.24132739141558504,84324071.90416667,1639756.3058869916,4.743735804583333,0.3757854827135136,6648,0
13.2220304375,0.29706420149349416,3.864836513333333,0.4588874028939802,60873268.2375,3275424.876007283,3.46575606875,0.3877294182011108,6696,0
13.211082383333334,0.2981414787222816,4.17990307125,0.511451545975822,1229197.3529166668,78773.1142054118,3.204938250416667,0.37360297738486964,7016,0
13.244852533333333,0.2847470664406849,1.93380497,0.10525171831063411,48513815.791666664,390723.82250555354,6.865429505833333,0.32645371347035157,7397,0
12.970026,0.389593214422039,6.148469520833333,0.675438857506582,68118074954.166664,6473752835.0070505,2.1338279020833335,0.23284319432034184,7882,0
13.245294658333334,0.28476383917784265,2.9200224316666668,0.2651176649552797,5836676.1970833335,131342.649149006,4.56961594375,0.3834148453170552,8592,0
13.156994195833333,0.3231835521424483,4.961444505,0.6102439942486132,12399185320.833334,1023114472.197958,2.6901067608333333,0.32173488673496964,8782,0
13.103505620833333,0.3457551058543806,5.417793345833333,0.6391830267865464,345986708.25,30724181.753719117,2.4508376779166667,0.28375681190020136,9250,0
13.166956625,0.31878733942698145,4.861190888333334,0.6031293115114724,13471528.825,1090758.6389295615,2.7482104541666668,0.32995569065344743,9733,0
13.1896928875,0.31009003657719325,4.517789531666667,0.5635496795813011,5166473872.916667,378484269.61397934,2.9623461425,0.3542439181779765,10182,0
13.247038695833334,0.28415648227250284,2.062487355,0.12064517051182627,2142009.51875,18242.7399270477,6.441003410416666,0.3340405406853073,10189,0
13.050242529166667,0.3639936668788579,5.7527383854166665,0.6559434975871258,12444304.1625,1140284.2354525651,2.2967860854166666,0.2583845172446868,10201,0
12.954889133333333,0.3990911723314719,6.2069211541666665,0.6691060180783903,1149604286.2916667,109061303.10292624,2.110291236666667,0.22598793409706755,10283,0
13.244162983333334,0.2854051806008658,2.89450017375,0.2605742052530989,4253427.822916667,92851.55203703362,4.608987640833333,0.3843458715476747,10624,0
13.246004233333334,0.2850560619910561,2.5131246720833333,0.18760597469050203,2882404.9558333335,37334.82930389996,5.29640910125,0.36085304685441427,11575,0
13.1772878,0.31404740912022444,4.721815145,0.5759213146871572,469536049,35819590.00763798,2.830242035,0.3345028670567887,11896,0
13.247227254166667,0.2839683460429322,2.02612878625,0.11623248420524272,3392552.68875,28029.162766334655,6.555836513333333,0.3317542101061391,12001,0
13.113493275,0.33948386283615106,5.338743547083333,0.6342833233744486,7149872515.833333,624889729.4855412,2.489580912916667,0.29067112599085404,12145,0
13.06525205,0.3587389665797683,5.6911098225,0.6548458713608392,1388472920.4166667,127164752.89324252,2.324986953333333,0.2647634228965653,12255,0
13.245396745833334,0.28337616562376744,3.032016216666667,0.2863761800140211,19756157341.666668,508221067.8574586,4.403713470833333,0.38560679405013176,12256,0
13.239152429166667,0.2890988831137336,3.33998498125,0.34940830087389113,81078789.2625,2891387.8780230274,4.003288505,0.3895493364183297,12763,0
12.792107658333334,0.4273516028725096,6.700924758333334,0.6783197887998352,132348153195.83333,12867980311.388563,1.9276421525,0.1963438339259434,12769,0
13.246570404166667,0.2840571174498518,2.1869846516666667,0.13783287156631216,1524161711.6666667,13908405.735134339,6.07729680375,0.3430847344646034,13048,0
13.245669316666667,0.2831192516808263,2.8803992879166667,0.25438397380553307,2383544.4070833335,50120.264261013726,4.630656693333333,0.3769592677973953,13091,0
13.2222413375,0.29456666452314,3.9882386404166668,0.47600641345910416,16515379.566666666,948183.2542548395,3.3592653925,0.3794767088349347,13295,0
13.243704016666667,0.28432870619569,3.114468355,0.3043543824467328,2641518270.4166665,74690835.14979163,4.289152605833333,0.38955607597796293,13353,0
13.240825575,0.28700408990913423,3.203425360833333,0.31620249482146234,6148884040,187865530.8954586,4.1698781983333335,0.382761023170733,13812,0
12.550071179166666,0.4718245015723057,7.197458080833333,0.6871566825102895,163851434.375,16184513.426144814,1.7584816741666667,0.1693416163480101,14057,0
13.158673366666667,0.3239623890300565,4.943101714583333,0.6104679596374916,13422512.266666668,1105920.365807446,2.7009102779166665,0.32552585910006115,14537,0
13.245411958333333,0.2858115719390584,1.66861577375,0.07723772338726544,2818391.9975,21624.64494054243,7.950644775833333,0.30952298888624863,14647,0
13.236286354166667,0.2916939237358609,3.5481892041666665,0.39023285482647974,3389825.4929166664,143420.49214351826,3.7717357070833333,0.38739206548632155,14827,0
12.899127458333334,0.4108651596531993,6.41505917625,0.6760944902485881,96307978.43333334,9206910.079197543,2.031976424583333,0.21306530666558532,14909,0
13.2410768375,0.28680431514573607,3.2629258016666665,0.32969282581290527,4700763286.666667,153391812.3829536,4.0957960625,0.386029016687435,14958,0
13.09169665,0.348269124322557,5.5234834175,0.6467209099050186,7506473.897083334,674549.7027636752,2.401245196666667,0.27566678212076656,15201,0
12.776613316666667,0.4315117523504048,6.74713953,0.6851939000643474,6453809181.666667,629847148.0253432,1.91209852375,0.19431231014611405,16355,0
13.2455716125,0.2856386443309048,2.941211958333333,0.26616691489482863,10000650.37375,226540.43800335057,4.53653776125,0.3793238953783218,16531,0
13.218407395833333,0.2974510330860025,3.9811696195833335,0.47096807334026247,31614469304.166668,1787019473.6734552,3.3634103141666665,0.37618035581790943,16582,0
13.246430175,0.281410707338452,2.20857102,0.1407899486292235,8425632.952083332,78443.41510034412,6.018375395,0.34402600200734057,16593,0
13.1848937625,0.30884940887602014,4.63942468,0.5722711684172164,31997252279.166668,2418416752.971752,2.8827801466666667,0.34216294111246387,16806,0
12.995640491666666,0.37762187411649023,6.03074326125,0.6675372539300718,183151132.91666666,17214322.77782648,2.1802035354166667,0.23928058671330277,16848,0
13.011964741666667,0.3762664985265492,5.970437323333333,0.6649867443563073,5458251845.833333,508361546.7955725,2.2052162125,0.24259126486397722,17462,0
13.248476266666666,0.2806316622825616,2.3951933075,0.16635560168963154,60944512658.333336,679497286.0221772,5.55446589125,0.3517990085641091,17696,0
13.220275670833333,0.2935772621881301,4.023021306666666,0.48106914326038847,374966278.0416667,21995523.26184921,3.329898619166667,0.3770505784616168,17868,0
13.255474904166666,0.2642900673025169,1.0747986633333333,0.03208561796545297,15210002737.5,116610132.80964983,12.338949404166666,0.26931983200767323,17995,0
13.241671933333333,0.2834395744206809,1.41126589375,0.056056314504636356,72899894837.5,553710497.0802636,9.392750449583334,0.29582213876990593,18044,0
13.243660775,0.286254768230004,1.4202059104166667,0.056798517479220365,18792708570.833332,144790749.70858532,9.33509343625,0.2941427153192738,18287,0
13.163734529166666,0.3178603835189208,4.8855050225,0.6108924396517365,1185774.7165416668,97355.7385018914,2.7345530495833335,0.3313661306091305,18388,0
13.248075704166666,0.28328658591998773,2.046678492083333,0.11811679261988733,1226252527.9166667,10144870.051984541,6.490801165,0.33313469530364404,18479,0
13.188609741666667,0.3080659520712261,4.55198235875,0.5650938047643563,1322936.9066666667,97317.60706778525,2.939369945416667,0.34930847684763927,18731,0
13.096223429166667,0.3466979988211502,5.487130745833333,0.6456615056261065,465731793.625,41637903.63597713,2.41827622,0.278583438576079,18944,0
13.2410185125,0.28517378049255454,3.178737945,0.31632077066534336,1966150.1691666667,59136.32739340894,4.2029665141666666,0.3891079775131266,19078,0
12.958461104166666,0.3929097282771257,6.2038984133333335,0.6712862655962791,6652868.565,632622.6401385806,2.1122609266666665,0.22847041094044196,19082,0
13.244591479166667,0.28212335758024226,2.28512712875,0.1513883692650285,3035715513.3333335,30531164.151472736,5.817652019583333,0.34591258276023307,20188,0
13.2445895,0.2852444111538453,2.9615672566666666,0.272750691620782,1195024.91375,28395.81683602009,4.506236540833333,0.3835754344341063,20204,0
13.246697254166667,0.28463024039552887,2.91478901625,0.26373989154631333,58060061.34166667,1292456.5074038974,4.578058148333334,0.3828376006498482,20521,0
13.237605329166668,0.2861823921273782,3.44575075375,0.36968508223325985,16112711.004166666,627236.454975788,3.882209642083333,0.38916903063665836,21248,0
13.222931179166666,0.2959933613070688,3.9330100183333334,0.4753514809077504,37475460.4625,2130574.9593757,3.4075072270833333,0.3876720554727258,21540,0
13.1561716,0.3185543244932365,4.963482286666666,0.6086732804368047,1291671412.9166667,106699682.27615649,2.68877248875,0.3217340549494101,21638,0
13.0036627375,0.37660124144340895,6.00797702625,0.6608442501138844,176894751.29166666,16540840.39119449,2.189598185,0.2399309311033454,21674,0
13.231740208333333,0.2861766578443035,3.6102209425,0.40604225011297357,31787848.8875,1437014.5538383597,3.7076879583333335,0.39045832740693975,21880,0
12.971102466666666,0.38963451204873567,6.150707481666666,0.6711621297510078,770505582.0833334,72990157.64655921,2.1328977525,0.2313355265821008,22186,0
13.104752570833334,0.34425836616341254,5.4153921675,0.6436432205933872,31069329570.833332,2781502352.2545266,2.45269283625,0.2863422285058608,22565,0
13.231682541666666,0.2891703176386396,3.74745366125,0.42983769885451834,45568905.391666666,2258033.6483018356,3.5737995075,0.38590709788862937,22688,0
13.241743933333334,0.2861410389891442,3.2479365391666666,0.32908080956087393,580300.7672083334,18765.303497802975,4.1150115625,0.38804350079372085,23214,0
13.1810338,0.3136949419192969,4.6416849325,0.5804418358319331,896002625.4583334,68797921.26459703,2.8816434633333334,0.3461170346496376,23461,0
13.199137995833333,0.3053143159975438,4.389319755833333,0.5375609531773409,400959951.7083333,27580070.146646295,3.04937761,0.35601484400346406,23713,0
13.026128633333334,0.36773200717326476,5.912511299166667,0.6668323393815763,3551043777.0833335,332342581.06718093,2.23009599625,0.24949038907320822,24179,0
12.691188395833333,0.43963851149358246,6.936994289583334,0.6772991190903644,161537568.79166666,15615118.377596399,1.8458140008333332,0.17990037398738232,24669,0
12.6372001875,0.45876282419214254,7.057003979166667,0.6721156654389034,49652520.975,4831665.387294168,1.806064445,0.17468237182472002,24851,0
12.9185171625,0.40142301187542123,6.338487420416667,0.6698252517071095,1723468510,165062118.61954182,2.05997532125,0.21848698163112082,25270,0
13.122913620833334,0.33909213032683555,5.2748293933333334,0.6309243514218703,5390149980.416667,469206888.6623495,2.5218914666666667,0.29531803548044133,25359,0
13.010239525,0.3805211375415903,5.974606106666666,0.6673394826785298,35949179.575,3385535.700225699,2.20365152375,0.24426143632621147,25611,0
13.150417458333333,0.3268977633560584,4.99908681625,0.6140982472409,25872376695.833332,2151641875.6626015,2.6684546825,0.31891761898203413,25719,0
12.801302791666666,0.4282407664409804,6.688549638333333,0.6792313001961429,2741210.7204166665,264987.1187270977,1.9326222204166668,0.19647846984558373,26191,0
13.246928791666667,0.2830588903818119,2.275314354583333,0.14960880564048357,2119925.8316666665,20940.54750033368,5.84351549125,0.34645556351085005,26767,0
13.233956466666667,0.2910682135815511,3.54653517375,0.3954032446802346,14817449.9125,637102.3338634995,3.773994105,0.39289298779034765,27086,0
13.1182102625,0.3392407176356517,5.32658601375,0.6305776719682292,3356604.7975,292936.30680559645,2.495855649166667,0.2897322867027741,27398,0
13.244401570833332,0.2849460205332317,3.1569487454166665,0.3128385216594017,8260125.445833334,244627.15146288293,4.23249807125,0.3878397893828846,27477,0
13.064104841666667,0.35091212280375655,5.677122006666667,0.6542231534910865,11219514.249166667,1025244.9907559563,2.3305660970833335,0.2651494797491223,27517,0
13.015692520833333,0.37625659156851704,5.940898499166667,0.6647471139429338,16633228408.333334,1554345624.596461,2.21715844875,0.24595408102165112,27599,0
13.229579370833333,0.2930000603108472,3.792261325,0.443159971793805,2108446.316666667,108587.54960244482,3.53242256625,0.3866962432643568,27683,0
13.247240995833334,0.2827589653755989,2.19693589625,0.13857901711041143,3633146.3141666665,33576.42240018307,6.0501862483333335,0.34287497345120926,28033,0
13.189071316666666,0.30582547520847025,4.55470120875,0.5647956005076964,21070509287.5,1557606005.4191594,2.9378271575,0.3505175688721949,28852,0
13.228616020833334,0.2945547817419705,3.7080886333333334,0.4261832114248555,1319271190.4166667,63738750.996309265,3.6106851025,0.38744263796131045,29217,0
13.114768820833334,0.34131696417508217,5.336822085,0.6374903714241601,1536849.6908333334,135257.41021254673,2.491087408333333,0.2924151229935758,29293,0
13.52670445,0.10650424813898499,1.0093026295833334,0.00846001552601436,7678184.922916667,59840.126627752965,13.402828570833334,0.1413558083088444,29528,0
13.244129016666667,0.2817513234072021,3.0610241166666667,0.2921418270629006,7337400.3758333335,194437.94929447025,4.362173712083333,0.3842802230865434,29529,0
13.236943379166666,0.2905415546543307,3.40517981,0.36221716313353847,23856474.3375,902294.0488983054,3.9274955725,0.39010547655531425,29916,0
13.01830585,0.3775451017429634,5.947423029583334,0.6663874319198455,451996080.25,42489918.86595115,2.2153557854166666,0.24698078678987007,30119,0
13.0987355375,0.34539746903215723,5.488154159166666,0.6464896902852189,12927359414.583334,1159648166.311387,2.4184044125,0.2793492382398794,30665,0
13.24341075,0.2869857100684837,1.9149275875,0.10312578870482483,186583035.375,1482460.4880353643,6.93191549375,0.32547841853383563,31126,0
13.177471045833334,0.3187380106012585,4.682234936666666,0.5816363092555902,1112271.546,85764.15820875498,2.855419222916667,0.3416208862942199,31386,0
13.169530620833333,0.31664008513678066,4.804203455416666,0.5908790393510223,83533313370.83333,6605273790.620165,2.7806617,0.33089670062065957,31436,0
13.215836554166666,0.2969444817249975,4.021038792083333,0.4836977969311623,58815849812.5,3447596043.0044274,3.330789660833333,0.3778266408523103,31460,0
13.13142635,0.3376057729730914,5.1999860975,0.6324686902739095,3007760.3225,259684.57051208185,2.560841641666667,0.30303353122654914,31620,0
13.126881670833333,0.33683572415397994,5.232487132916667,0.6336854712708333,8766618.330833333,762355.1993648786,2.5437988658333333,0.3000817346245008,32349,0
13.246996179166667,0.28382339113706095,2.72662953375,0.22482388152103125,13812792.666666666,238011.52686864557,4.887682811666667,0.3700688764209511,32481,0
13.245901375,0.2840234804621558,1.9946263308333334,0.11231942296089967,84825875.39583333,701176.9291510053,6.657940234583333,0.32952116090104017,33284,0
13.248914066666666,0.28258341456825353,2.1016831179166666,0.12485234778705175,10065307336.25,87168074.30905758,6.322543815,0.3359103338514788,33661,0
13.219404491666667,0.29535647191016606,4.043859276666667,0.4891684170094966,5137846.089166666,307497.7085668894,3.3135317066666667,0.3795033658493133,34135,0
13.238549129166667,0.28739420280699285,3.31303075125,0.3458198575116581,11910788.141666668,416666.1314224992,4.035387922916667,0.3906128906035714,34461,0
13.221845616666666,0.2923860357310722,3.9766004733333333,0.47121603245816157,2001904237.0833333,113840571.51720895,3.3682317825,0.3766769808251842,34472,0
13.2446625625,0.2878751058205738,1.756724705,0.08637018175442256,70509577.6625,538828.010373735,7.55333424875,0.31573648033220597,34601,0
13.242393,0.2862050664270324,3.24009214375,0.3287361681752475,28963074.883333333,932411.97543011175,4.12528603875,0.38926264950055467,34657,0
13.238794604166667,0.28961727686712535,3.12586999625,0.306623584517937,8322819.340833333,235862.1173738999,4.2719726475,0.3871263229813215,35498,0
13.2457034375,0.284897545435036,2.7601992929166665,0.23318027946816472,6243587.503333333,113370.935020531,4.82933226,0.3755456723788655,36153,0
13.224190895833333,0.29594420313155506,3.86255903,0.45358890505079064,94462046020.83333,5027099607.202782,3.467248340833333,0.3824445647295622,36817,0
12.653660320833334,0.4579983035398701,7.016524517083333,0.6822268498064751,29592254.3125,2876825.0036270823,1.819343835,0.1774531424548456,36971,0
13.208754975,0.29993595137968726,4.229174224583334,0.5150234379790576,187901937333.33334,12133621823.838491,3.1666923491666665,0.36771380502206685,37894,0
13.090514429166667,0.34956571159320327,5.513000783333333,0.6425950703970961,581964879.0416666,51685452.38144294,2.40526322625,0.2744998086898136,38030,0
13.245938329166666,0.2874985421138918,2.78304417,0.2386792457391486,12205528.095833333,231130.9129227316,4.790571140833333,0.37653345503985036,38367,0
13.057293425,0.361549450132537,5.7187170358333335,0.6549093368887111,8733448724.583334,796422617.2094724,2.31190504,0.26077513761893295,38497,0
13.179355425,0.3140200607917858,4.701758601666667,0.5813700886200708,2577461.26375,199051.70898860486,2.84374110375,0.3397301050010941,38562,0
13.2431410375,0.287760793578805,1.7245310933333333,0.08383164995872326,410251042,3170035.864223019,7.693030540416666,0.3161743708289686,38668,0
13.072805745833334,0.3516465770363282,5.630583799583333,0.6580300182439225,3163266.642916667,289990.87565336877,2.352128195416667,0.27031075327100207,39256,0
13.145111775,0.327379560783377,5.071470331666666,0.6127289110644695,4088284.3133333335,341488.7332767387,2.62802661125,0.3087686103347336,39372,0
13.182587241666667,0.3128865544736468,4.63768192,0.5678135510392353,5991778394.166667,448755701.88920206,2.882860405833333,0.3405695626101849,39700,0
13.2239429125,0.2911595785314435,3.9288690179166665,0.4663753831938478,587287369.4583334,32626950.646004464,3.4096591708333333,0.3804714713187435,39722,0
13.1043913625,0.34244510808008183,5.414018470416667,0.6393687171822838,1268598410,112266290.6188776,2.4528270908333334,0.28439525918891556,40314,0
13.247844829166667,0.28243261240506923,2.6145647545833333,0.20489212008290553,2054004.4241666666,30834.409850355496,5.094456530833333,0.3666534247091868,40322,0
13.2194366125,0.2976324648568777,3.9778896908333334,0.47663498785436575,149680179.25,8580150.670278637,3.3673556820833332,0.37951793120800753,40578,0
13.215073291666666,0.2977613666170311,4.082668164583334,0.4993550386320028,1589187.5133333334,97388.2412367562,3.28181479875,0.37884758824210035,40830,0
13.208253733333333,0.2985158741390904,4.18552901375,0.5059549444954154,347913600.7083333,21940285.776219707,3.1988198616666668,0.3676508746810618,42050,0
12.9858566125,0.38298361271394515,6.089194485833334,0.6668516682165738,2319464701.25,219539990.2186732,2.15723865875,0.2359110224229347,42633,0
13.221892,0.295597261289529,3.8918588545833335,0.46024028685360174,1248777.3025,67939.15316820175,3.4413840520833334,0.38417897954287733,43008,0
13.240758508333334,0.28779155782175575,1.5387035954166666,0.06664090741391271,47857567675,364219916.5734153,8.616514901666667,0.30323277163507584,43047,0
11.287778435416667,0.5224996566158168,8.46403173625,0.6764889911184702,716129357.6666666,73048527.99286744,1.3410700046666666,0.11155621799264902,43060,0
13.218794645833333,0.29768837357417843,4.0105642291666665,0.4803349151895863,2437877.9079166665,141627.9703133694,3.3396764645833334,0.37604217657599504,43085,0
13.2380050125,0.28756363021863096,3.401298175,0.3603623350768297,1077791.1300416666,40388.14741220525,3.9319888575,0.3892186809398341,43335,0
13.2421603375,0.28518587375442933,3.057626270416667,0.2917709156334865,1107079042.0833333,29172687.951661095,4.366405275,0.38532657737384574,43733,0
12.880194654166667,0.41423674676478284,6.4616473375,0.6781476992664862,1623328655.4166667,155977012.85849926,2.01416840875,0.21042021124102567,43848,0
13.239609375,0.286395396056273,3.267988645,0.33701889779679567,918567.224,30686.657806567655,4.090412485,0.3916312737486719,43854,0
13.092232483333333,0.34894251703994833,5.521320737916667,0.6438847667583494,127353232000,11412345896.622562,2.4021743595833334,0.27583315664156927,44073,0
13.218828729166667,0.29579944443776496,3.9447236729166666,0.4727946324141422,1453095.72,82435.36610185954,3.39546271875,0.3823063687537398,44123,0
13.144697008333333,0.3246338825496923,5.07923919375,0.6198870007279073,4283289253.3333335,361076305.6170109,2.6247015858333334,0.31164525281992295,44157,0
13.0924045,0.34570976723601804,5.521875675,0.6403993352022754,51178301.8,4566849.420052204,2.4017246220833335,0.2751273238418515,44159,0
13.061104754166667,0.3586434204628249,5.692338189583333,0.659367780362479,1004621108.5416666,92966062.35121623,2.3241341754166664,0.2662239705093059,44472,0
13.2400359125,0.2881122967910095,3.0543746470833333,0.2900352955424758,1807674.0808333333,47017.99000768551,4.369960484583333,0.383439940598248,44517,0
13.248134079166666,0.28420586830765754,2.524173105,0.18863776619357556,1537694.9545833333,20367.828242289565,5.274248362083333,0.3609999889374494,44621,0
12.44449945,0.4814321333467712,7.366378836666667,0.6864336146508647,36242742.24583333,3618350.4785418827,1.703044165,0.16145739925597002,44638,0
13.2457221875,0.28304844881659497,1.8495797766666666,0.09531914986374583,1769719.38875,13861.205094224351,7.176476260416667,0.3199823002974003,44754,0
13.238242329166667,0.285839436574634,3.431127785,0.3654634277660856,3672051.1154166665,140457.368193152,3.898242335,0.3872927134531904,44803,0
13.220156291666667,0.2967969683421631,3.926478052083333,0.4690741699900004,20697422.116666667,1160584.7596837566,3.41127645375,0.38285122702978663,44842,0
13.228771504166666,0.2908068042861617,3.720523887916667,0.42941677559006686,15495594.2625,757104.4616130629,3.599171316666667,0.3889106083825319,45075,0
12.7680935125,0.435337214781564,6.773169269166667,0.681447585958059,21086446.408333335,2034229.9199334371,1.9030914458333332,0.19145534344592863,45084,0
13.238450508333333,0.2872387149707522,3.3381585691666666,0.35063987023003507,2096294.1645833333,74471.69570070185,4.005623312916667,0.3913762833051155,45138,0
13.245451633333333,0.2832633323922762,2.9020106858333334,0.2582041679356063,2086184.9475,44899.5425299882,4.596679918333333,0.3781143190224844,45871,0
13.247535716666667,0.2836131959574368,2.626950164166667,0.20950822402009317,68514428.45,1037710.4735470384,5.071269365416667,0.37058267910730175,46037,0
13.247293404166667,0.28562193753989756,2.2861036458333333,0.1516262369833482,1870891.2275,18516.71876947947,5.816420154583334,0.34710310490852736,46268,0
13.2411100625,0.28429994911631723,3.233717061666667,0.3261351569010893,822422.165375,26111.363540396997,4.132546371666667,0.38741059946728484,46600,0
13.213273475,0.2981885046254631,4.144667181666667,0.5062048976282624,3209490.131666667,201501.34097467343,3.23238774875,0.37448687185914026,46745,0
13.247439429166667,0.28454319000703854,2.3179352529166666,0.156187799529683,67606117.5625,691115.2916010014,5.737446225,0.34938603976575633,47230,0
13.2493777,0.27964095084638074,2.6940599141666666,0.219456778977724,2277070.71625,37765.31516992893,4.947000399166667,0.3705586711719412,47258,0
13.247006029166666,0.28273922402736995,2.30697800125,0.15447491478774134,805222.86225,8322.79717607366,5.764231998333333,0.3488311689170809,47422,0
13.240649883333333,0.28538694529885067,3.107726632083333,0.3005167315749399,2840830.5254166666,78783.91869525137,4.296634132083334,0.3859283223545164,47657,0
13.2468903375,0.2824592547976232,2.054687470416667,0.1202975745521933,53782747.75416667,451741.3358158919,6.465446464166667,0.3358980779919674,47850,0
13.24465435,0.2835326146311199,2.8649893045833332,0.24783670151002898,2502088.8291666666,51212.20878544989,4.6540102008333335,0.3731943360779515,48372,0
13.2490943375,0.2815640207808182,1.95637357625,0.10696683529970175,2124236527.5,17253475.061084956,6.788759952083334,0.327652116073894,48509,0
13.242538758333334,0.28326871963109224,3.1155112354166667,0.30242187941323634,6377823.93,180140.80695181797,4.286794025833333,0.38650167657395196,48575,0
12.9159808625,0.40755076234869386,6.3410259775,0.6863836221237298,133407954608.33333,12969639431.801006,2.059760170416667,0.22286658906637444,48978,0
13.225317595833333,0.29072250638101305,3.811442375,0.44339881292227235,4100915.1333333333,211755.17216203074,3.5132461558333334,0.3838501571953847,49115,0
13.245738058333334,0.28472325524018294,2.6023187804166668,0.2029443305631611,6048810.19375,89402.11829489713,5.117250374166667,0.3656287062797846,49181,0
12.9749064875,0.38839207431748274,6.11488090125,0.6690820687346555,687272465.625,65090541.88765922,2.14626957625,0.23421942945331947,49413,0
13.244708958333334,0.28237879898728796,3.1565139179166666,0.30605340573168066,25820469.495833334,748247.2178564195,4.23193399875,0.38313753234599235,49489,0
13.236315558333333,0.2866166546115516,3.53750858,0.3927710428835489,1894980.6483333334,80520.21516643155,3.7840822616666667,0.3931696433808669,49862,0
12.650271829166666,0.45813120604644353,7.013441420416667,0.6810324448737755,304720810.7916667,29724653.158500154,1.8196777133333333,0.17792815708189058,50513,0
13.2486386625,0.2811447631791116,2.4650284325,0.1773801842539536,5938302.7820833335,72506.03047959649,5.399041556666667,0.35624645508907676,50577,0
13.244134041666667,0.28710520183120425,2.7451193870833333,0.22932171328456774,26622279.316666666,474982.00727852277,4.85456887,0.37350266130298826,50660,0
13.247388483333333,0.28811591615021986,2.129688664166667,0.12912735305976059,26373758.045833334,231877.38085265565,6.239451372083333,0.33822752722696964,51086,0
13.246773575,0.28022167350209587,2.2609031125,0.14448053232839567,1304009.1975,12599.609085690188,5.87948026875,0.3394587462393728,51383,0
13.247685220833333,0.28334241125284587,2.6801082708333333,0.21728807034425843,2085419.3958333333,33949.880811920586,4.97179661875,0.370628916161975,51489,0
12.724140770833333,0.4479240231373993,6.871420350416667,0.6749839639898305,2683786797.0833335,260523030.38390005,1.8686104975,0.18487500081372388,51629,0
13.24487495,0.2812911382835419,2.64637917,0.2113562094084023,5181203.756666667,80697.91736474315,5.03317408875,0.3690277740292319,52261,0
13.134092970833333,0.3326807470072728,5.15535648875,0.6203969622741154,10911327280.833334,921592814.6847724,2.5827998595833335,0.30252720708516817,52347,0
13.2295762625,0.29410786792750626,3.6540641304166668,0.41580499906796764,11639429.683333334,538208.846489757,3.6635851520833334,0.3902525535525787,52589,0
13.24656845,0.286235434991502,2.366470914166667,0.16434650220648275,53990987.016666666,590203.7536875599,5.62088208375,0.35379749406520783,52823,0
12.451759758333333,0.48294489003324725,7.362213919583334,0.685449569079263,8218345575.416667,817536305.8921324,1.70488300875,0.1606338684751677,53232,0
12.81097285,0.43193195764905584,6.656879995,0.6760964309736005,14158916270.833334,1372311559.05391,1.94334506,0.19842441700073687,53361,0
13.245177604166667,0.2839234581921061,2.98094275375,0.2731387301159579,3546106783.75,84697615.47605325,4.476748786666667,0.3783828495440991,53421,0
13.180802008333334,0.3121912023884593,4.68182691375,0.5794512668053394,2146165.984166667,164210.07515384268,2.856161800833333,0.3405858621093241,53523,0
13.244037054166666,0.28296253970244634,1.6444931175,0.07558057622251312,4709637.169583334,36810.69419998605,8.066205924166667,0.3103606470123317,53610,0
13.1393203875,0.3287618214357236,5.1561032025,0.6144733883056488,1594172289.1666667,133688849.81225954,2.5829373275,0.300946710335017,53636,0
13.1268797125,0.3359765167867545,5.235098951666667,0.6245208627964486,29383156262.5,2522211134.758936,2.54176687,0.2980215863184932,53761,0
13.244101745833333,0.28604285073869823,1.7997915516666667,0.09058933323974387,64554364129.166664,494221210.2959525,7.373183246666667,0.31890588190229496,53788,0
13.246091420833332,0.2826395380509731,2.2989806520833334,0.15290849370164458,3489510.0458333334,35323.54651473525,5.7835710804166665,0.3476226452252115,54008,0
13.147462333333333,0.3261544635025581,5.081209142916666,0.6223790424814685,1867905.9979166666,158348.54794741792,2.6246259520833335,0.3139188806081283,54230,0
13.077578816666668,0.35476211389863366,5.62591096375,0.6484057493105669,22356157345.833332,2025649496.5435138,2.354141562916667,0.2674651501241958,54805,0
12.985552358333333,0.3875274181206577,6.08658658875,0.666897328224062,1551949.1733333333,146464.5893614357,2.15794619875,0.2345489050470579,54857,0
13.246388579166666,0.28562302045917726,2.85576839625,0.24965539705397333,5587645.3875,114909.42416514376,4.670368212916666,0.3791193693036443,55055,0
13.243793929166667,0.2876484861349189,1.7069419008333333,0.08185193152571764,8827543.0425,68395.03729211733,7.772186870416666,0.31322373752617494,55149,0
13.175656166666666,0.31518995705476044,4.7598298625,0.5860020213931014,1656960248.75,129838021.61040094,2.80789673125,0.3339515285334009,55188,0
13.2432661125,0.2870635026554703,1.8077460304166666,0.09186860402020794,95842729058.33333,755472563.865643,7.340543648333333,0.3197592565127759,55569,0
13.1952740625,0.3063737029504549,4.449731549166667,0.545051640760935,1257773.8858333332,88874.75417545397,3.007414485,0.35385277023942935,55800,0
13.216433358333333,0.2965111279138817,4.071255300833333,0.49074707194968126,9488820.072083334,567343.2023647828,3.2899964570833333,0.3737374717482087,55879,0
12.676337508333333,0.45355729965642483,6.9829577625,0.6876946210453464,4170868009.5833335,410234864.1418807,1.8318732591666667,0.18129884755372278,55942,0
12.666965308333333,0.4563786541217563,7.002022356666667,0.6790951389947789,1621618739166.6667,158261115076.47632,1.8250767366666667,0.1787987061653577,56003,0
13.193937091666667,0.3093665287237571,4.476073917083333,0.5586628723576205,61204650.00833333,4439699.883359208,2.9910140025,0.35839359794950365,56227,0
13.159878145833334,0.3194372129243144,4.950188926666667,0.6086420591609971,2773708.216666667,228346.50774038114,2.69682788875,0.3224048871099529,56368,0
13.234759045833334,0.2890850481361559,3.5192275266666666,0.39280376045369914,187340271.375,7975537.5473869685,3.8034899791666668,0.39537547681552326,56475,0
13.2342133875,0.28917814900380884,3.5878524895833332,0.40460427166340546,2080290.3,92756.96440184537,3.73141299625,0.3912540886001324,56511,0
13.2104606875,0.30050779144442713,4.1863829725,0.5119764440849485,29568166.825,1889278.7151482084,3.1994650158333333,0.3700894818514375,56684,0
13.07454575,0.35607991809275114,5.624871982916667,0.6575697928416544,296381045.875,27204117.690812476,2.3548852808333334,0.27108845882053373,56796,0
13.246627791666667,0.28451909450114926,2.8491415758333334,0.24808528363251056,20188356.841666665,411688.779734763,4.680994295416666,0.3776095747522957,56875,0
13.203186354166666,0.3011858124048027,4.329224271666667,0.5329147520444685,5346345.309583333,363803.88867037685,3.0932276691666667,0.36388411478061955,56994,0
12.948904979166667,0.39327109381592723,6.233883067916667,0.6656717680501213,48810534.77916667,4598957.68176342,2.09982714625,0.22329557973421832,57080,0
13.197793541666666,0.30455265473302967,4.459281642916666,0.5416957172352002,442142093.5,31152782.17990177,3.000779448333333,0.34962003402947384,57221,0
13.235644766666667,0.29181556509968243,3.3851177166666666,0.36338106435543926,40782389.3,1539623.5800729638,3.9510024066666665,0.39478978147272387,57243,0
13.247812183333334,0.2831059633544244,2.529448460833333,0.1903313426012559,452164186.875,5971958.468608435,5.263445342083333,0.36203224196508693,57281,0
13.069279229166666,0.3570335653118216,5.65840641625,0.6595852065841711,816231.934125,75058.65679379653,2.3398315283333333,0.2687943796147169,57399,0
13.04079785,0.36838140229628275,5.818329378333333,0.6605413089155272,1838111.3020833333,170414.5570483275,2.26901609,0.25459344659238364,57939,0
13.172940845833333,0.3142522096209827,4.763533535416666,0.5882068804243077,297260561.5,23403633.784998327,2.8055082354166667,0.33567220066860315,58034,0
12.702566675,0.4521109882527171,6.920779153333333,0.6882073914908481,809406621.5416666,79637268.79426818,1.8524787779166667,0.1848556442985631,58268,0
13.2410512625,0.285035224709236,3.088696968333333,0.29627260542427675,217198642500,5907329752.242307,4.322613316666667,0.3848911632083104,58270,0
13.207868670833333,0.30088281369310926,4.298867810416667,0.5298233586548686,3290791.662916667,222291.29010234788,3.11614346,0.3661235158618234,58366,0
13.084937408333333,0.3485445630109108,5.569899385416667,0.6489233842149182,1234312508.9583333,111610187.19706142,2.3800753316666667,0.27528133500917173,58402,0
13.1295382625,0.33509295848343656,5.236237312083333,0.6304437323902048,1870520.9745833334,162740.8025431746,2.542478591666667,0.30151067552724226,58871,0
13.07250475,0.3545822040819044,5.6205845325,0.6463548780313564,2999108035,271788968.1200228,2.3553430054166666,0.2671493375613222,59066,0
13.247081820833333,0.280268068662898,2.7331175058333335,0.22381818078996912,1111001.96875,19147.138854585733,4.875917305833333,0.36898362244088967,59414,0
13.243193595833333,0.2853313288670524,1.765758805,0.08738472954385987,22357416.033333335,173935.26035869992,7.514145710416667,0.31734087460090266,59418,0
13.1638918125,0.3232656552682994,4.8905798479166664,0.6007323552885065,2722043098.75,220607836.37230897,2.730231004583333,0.3245761211514887,59451,0
13.222211,0.29494165524133725,3.9389968533333333,0.46661022255962203,10629051075.416666,594511468.7494128,3.400456795833333,0.38064346135012334,59458,0
12.9179678625,0.4082736307388252,6.339756363333334,0.6767857722679662,209574927.625,20088497.294134542,2.059745589583333,0.2190885438652516,59562,0
13.245537975,0.2822638821304706,2.6033874629166665,0.2038495372279357,1002971907.1666666,14854603.289171629,5.115468660833334,0.36892202103166744,59619,0
13.228815516666666,0.2902868113804615,3.7641876716666665,0.4370270094655619,1068526.7942916667,53729.05640591259,3.557929924583333,0.38648410943073314,60000,0
13.2469820625,0.28528960475325815,2.7427717679166665,0.22912086721509028,11401460.666666666,200475.40632808677,4.85977302375,0.37355405761282984,60014,0
13.226071995833333,0.29171706149769283,3.7907084825,0.43895779078616165,1567853.1033333333,79837.81376337548,3.5324105129166665,0.38562787880207433,60034,0
13.2413273375,0.28740570020518447,1.5329024966666667,0.06584375742904312,3330997.9525,25720.781991102773,8.649289628333333,0.30220082494185335,60141,0
13.244491925,0.2852711996820185,1.7755859775,0.08829013643868064,26302540.754166666,203656.56241613446,7.4734200458333335,0.3167278295287709,60237,0
13.2476834875,0.2819156412042773,2.9061314120833335,0.26290208687233785,69815878462.5,1549562359.942647,4.59195677,0.38303707370467865,60367,0
13.192833541666667,0.3059299302973102,4.507547697916666,0.554137293412414,383148829,27628418.32232349,2.968516859583333,0.3498357519792663,60435,0
13.196692675,0.30557824886178514,4.43090671,0.544769828612797,3999700004.5833335,281220942.17021,3.020802725,0.3563251082209039,60681,0
12.983317620833333,0.38023300723360953,6.089189851666666,0.6625394459277903,307175588.25,28748471.560523983,2.15648576875,0.2341440062910625,60716,0
13.211115595833334,0.30074840157607446,4.13552862125,0.5071285627367426,1999024.5320833332,126275.41880784841,3.2395063370833332,0.3780000572144659,60759,0
13.248733558333333,0.28197792620781115,2.6384570129166667,0.21095216292015478,824354.6513333333,12793.0380776903,5.049956137083333,0.37237764940253326,60877,0
13.246753291666666,0.2855040734469996,2.5836998516666667,0.2002390912793117,165537222.125,2368165.580140271,5.154169078333333,0.3658474407530024,61164,0
13.2205275375,0.29628441249101845,3.9884335516666667,0.47480269031006367,8348923.58375,476695.3271154069,3.35826222375,0.37716051175390636,61172,0
13.245494625,0.2822100915498946,1.64309654875,0.07418516756185137,11493243.1,86174.59969421395,8.073401510833333,0.3037132272655293,61398,0
13.161620645833333,0.3217462233223189,4.903068442083334,0.601209370287845,974164.2620833333,78960.48768473089,2.72274555375,0.3236800486960699,61832,0
12.864801333333334,0.4171134597902026,6.51044353,0.6740634449660994,175324888625,16724958022.715328,1.99608014625,0.20559799697822004,61855,0
13.203340070833333,0.3046653313909947,4.34773222,0.5301991943624907,193418082500,13098948305.887274,3.079245670416667,0.35880367050609896,61949,0
13.23818245,0.2900543323114677,1.45713816125,0.059955404806517607,4895771.475833333,37615.30561937898,9.095435270416667,0.29742977569288753,62090,0
13.24802285,0.28093733811541555,2.21478395625,0.14074516419453195,51342998.17916667,485526.622751516,6.002184345833333,0.34387625255448606,62122,0
13.1045039,0.34413126150739504,5.415072160416667,0.6438402118081921,510486766.4166667,45517420.0554071,2.452694898333333,0.2853765871013698,62347,0
13.242126133333333,0.2852736051801108,3.0904143995833335,0.29818485996336086,9245170.698333334,254179.0937511217,4.321024127916667,0.38698763189840174,63454,0
13.24488545,0.2866680912624744,2.7030380520833335,0.22004653524450876,271970436291.66666,4538188621.798702,4.928822682916667,0.36909432532790853,63615,0
13.028925475,0.36976251458096804,5.882700234166666,0.6585907825084333,387431530625,36001158682.705376,2.2414848604166666,0.24913177703691122,63768,0
13.00076045,0.37803267380510047,6.0330297970833335,0.6749304983703243,4569530865.416667,431224298.33782566,2.180590795416667,0.24024356386362478,63936,0
13.2481495375,0.28490845220884886,2.2723664954166667,0.14988780420411943,2919988.502083333,28441.095260020524,5.851791570416666,0.34845859346202984,64133,0
13.2468890625,0.2830623049000109,2.7959714654166667,0.2389492275465915,28137456.425,534303.0158838572,4.7687496666666664,0.37563666737177737,64712,0
13.060844125,0.3601496777846928,5.693827050416667,0.6584843626405876,16815539662.5,1541461979.7583168,2.3231136370833334,0.2634449597348426,64751,0
13.246670095833334,0.2828461391070379,2.729749007916667,0.2261216115127978,758692.2273333333,13141.729895892584,4.8823135325,0.3719823418722756,64818,0
12.863218854166666,0.41436796563910827,6.523119747083333,0.6850578544164799,49478726904.166664,4835389533.83171,1.9927146329166667,0.2096553309605202,64932,0
12.770098654166667,0.43761112461783724,6.76944908875,0.6907624567720276,6851225043.75,671970591.7254643,1.9049494666666666,0.19413712819110143,64959,0
13.245361929166666,0.28595306946264615,1.6748795625,0.07877366181234097,10748326.95,83986.93951411656,7.921412004583333,0.3149627003043272,65106,0
13.2479693,0.28413479696873106,2.5932234216666665,0.2013199998346896,12425491.283333333,180203.58612193374,5.1358897670833334,0.36637959498031863,65435,0
13.176727466666666,0.3144340861060602,4.738199684583333,0.5811027220281089,6065713.152916667,468294.8990589336,2.8206126154166666,0.33409626686215393,65787,0
13.2484229,0.28548155505306844,2.3400345141666667,0.15905796335592598,4270206.619583333,45153.01707435032,5.68413716125,0.3500553307476596,65798,0
13.1794298125,0.31267698234056457,4.6999501625,0.5805658973469164,750942.359,57520.43422415862,2.8446394079166666,0.33817732377870224,65818,0
12.440832825,0.48019889584421316,7.380407333333333,0.6779786902763674,592300180.4583334,57756593.75216005,1.6987497283333333,0.15729464324782105,65961,0
13.2450966875,0.282962833705824,1.8672726529166668,0.09723877283053692,10217507.572916666,80305.88749579346,7.1085801433333335,0.32221836140286475,66366,0
12.662116054166667,0.45220600075405565,6.998379075833333,0.6688035188362221,57224416.25,5501572.48813413,1.8248291070833333,0.17610346676844704,66518,0
12.832147495833333,0.420193096178589,6.60200638875,0.6780484165879599,110285.15905833333,10680.076917318509,1.963221705,0.20248293881888174,66596,0
12.738187966666667,0.4427211648136324,6.835152223333333,0.6730222834880244,831461991.75,80106951.95388208,1.88067706875,0.1861176884473056,66641,0
12.869880466666666,0.411248843975804,6.491908837916666,0.6799679603921929,1371351794.3333333,132265291.54416199,2.00310431875,0.20886883285347999,66884,0
12.674496658333334,0.4576925843007565,6.984095380416667,0.6852566956795674,37772332.854166664,3700031.2852611826,1.8311548829166666,0.18063767330147465,66902,0
13.228732045833333,0.2895478687591982,3.79286725375,0.442360952608109,801300.0623333333,40952.34190988077,3.5313841804166666,0.38504148012757977,67104,0
12.362568945833333,0.48904023595787915,7.4826322691666665,0.6861768795996627,10183853.659166666,1015967.3279819045,1.66498705875,0.15490877010129914,67129,0
13.222066291666666,0.29757580644339876,3.9440143158333334,0.4644704298116268,1307251.8466666667,72545.85705289313,3.3954991870833333,0.3770052641359725,67372,0
13.244439958333333,0.28708135822490854,2.0361657508333333,0.11740876970419654,1463707.5483333333,12105.64888781082,6.522362650833333,0.33284640768716833,67533,0
13.059568675,0.36136968076542025,5.7229978995833335,0.6428728612985298,1602981969.5833333,143838348.41997603,2.3094936325,0.25586853370823565,67572,0
13.218343525,0.2933269926377951,4.025827590833333,0.48200580892538436,373439792.625,21828300.58354221,3.3272053079166666,0.37710790707352043,67715,0
12.889509404166667,0.41211333772552844,6.436815780833333,0.6631367468339382,70865975.96666667,6708132.2680816045,2.0227496829166665,0.20857848199870713,67895,0
13.24830385,0.28105272347295973,2.18435553875,0.13673263259613186,4920628.124583334,45620.763934396076,6.085213965833334,0.3425468171092362,67916,0
13.069348966666666,0.3549983175722957,5.651643169583333,0.6448261125501528,1393369455.8333333,124965936.47876829,2.3413166529166665,0.2629604147631795,68020,0
13.244928345833333,0.28467778682285694,2.5661797958333334,0.19646809922779807,3632413.88875,50744.63991720509,5.188087606666667,0.3655689246956055,68236,0
12.7611327,0.4410188973173765,6.793192333333334,0.6843957646378722,5042252915.416667,492955825.9476808,1.8965373345833334,0.19166041797432287,68632,0
13.196003108333333,0.3039917270240958,4.480625004583334,0.5497300498012204,70979592.33333333,5083412.401323754,2.987085549166667,0.3529062751859212,68636,0
13.244586358333333,0.2846675913874011,2.661777275,0.21398564236794454,3094150018.3333335,49187367.174611636,5.004355460416667,0.3699852681243505,68814,0
12.642582041666667,0.45813907693578587,7.043510112083333,0.6875826397882698,2646620042.9166665,260871815.84229547,1.8110140791666667,0.1783322416411124,68971,0
13.243403379166667,0.28538431250550644,2.9240301975,0.26382372154880834,1560798.2041666666,34759.0753266426,4.562226841666667,0.3799673410111625,69026,0
12.787904125,0.4328768890695481,6.725521857916666,0.677850396248475,268574946.875,26038810.78481244,1.9196627945833333,0.19373891753680988,69053,0
13.232186595833333,0.290203153425043,3.6300892020833335,0.40809758733210316,1329068.31375,60557.01487197405,3.6873979420833334,0.387655678414388,69096,0
12.9366619625,0.39897027135923063,6.286356010416666,0.6716690984374453,7566648589.583333,718642999.8482263,2.0802597658333335,0.2205217148867677,69114,0
12.599185,0.4640737958292111,7.116683980833334,0.6833785637616813,17895605.520833332,1757139.1146534986,1.7856610504166666,0.1731792390767999,69157,0
13.248402608333333,0.28337070137682996,2.65993052125,0.21052284715203243,959696674.7916666,14945258.969954915,5.008392992083333,0.36472254260473597,69223,0
12.6805980875,0.4479242253474106,6.958253060833333,0.6736169740198938,23407197.1875,2274858.497272804,1.83854301875,0.18013223395623162,69268,0
12.6349852625,0.4603974151949806,7.057816755,0.6800186305303746,403956620.3333333,39487822.26167088,1.8057914225,0.1754173857126727,69351,0
12.950849383333333,0.39320989368335263,6.2318366195833335,0.6666913474979781,236250303.91666666,22435516.076690827,2.1010554945833335,0.22505904583570227,69375,0
13.218045991666667,0.29778117486129113,4.062464856666667,0.4913518677783721,4124127560.4166665,248538891.86344585,3.2981022295833333,0.378376831070621,69384,0
13.091323216666666,0.34780659611892406,5.518412254166667,0.6445991469082175,2066848.5179166666,185029.055780782,2.403390765416667,0.2765494129636578,69405,0
13.2450503375,0.287097256244277,2.3732700983333332,0.16591636101708257,4587448.357083334,50152.819059093184,5.604348600833333,0.35335266991433595,69449,0
13.248273204166667,0.28225163222893085,2.540104084166667,0.19103059233330025,18449772.670833334,247544.99444621804,5.241501547916666,0.36004684784449914,69455,0
13.239619441666667,0.28948533238218527,1.4430355233333334,0.059097413531076316,13402104.35,104263.3749727944,9.185172656666667,0.2975689994198563,69457,0
13.2452267,0.28529240608450085,1.9187580345833333,0.10359502296261107,46132509237.5,369499755.7887992,6.9191047291666665,0.32501415916712373,69497,0
13.246175566666667,0.28184742550000597,2.939246542083333,0.265526290987645,2349126.7183333333,53296.833258791965,4.5396320075,0.3781744549942465,69560,0
13.215291895833333,0.29849143970649294,4.056598789166666,0.4890276385497159,877307.6873333333,52436.279080859815,3.3017028029166666,0.37615118945752596,69868,0
13.2468054875,0.28218330587916113,2.2966367545833335,0.15188968281127851,12536735.1125,125220.10241882525,5.789534257083333,0.3462094562591263,69893,0
13.139984566666667,0.32856840021124917,5.125881449583333,0.6336739886657998,608084702.7083334,52679318.334000856,2.600880720416667,0.3132269815314183,69991,0
11.234027447083333,0.5187151143890457,8.5078332491666675,0.6845418871360514,685155966.7916666,69870356.1476762,1.32784613075,0.11008309394881764,70028,0
13.246840829166667,0.28404135415261045,2.16294454375,0.13446291183130235,3674455.2645833334,33229.15518391074,6.144276204166666,0.3402375214254855,70029,0
13.245511779166666,0.2847842060903358,2.734185886666667,0.22649837760590674,2491223.54625,43176.506066259935,4.873958460833333,0.37137342770215503,70030,0
13.215074695833334,0.2989641029843475,4.100999273333334,0.4949693261068859,621934479.25,37881916.07352547,3.266215486666667,0.37420401981791984,70038,0
13.165476470833333,0.31791616010015994,4.844522520416667,0.5955654579622545,751674779.5833334,59982375.188481845,2.7566547758333333,0.3282540392335553,70080,0
13.248488683333333,0.2821422692932382,2.1979362345833335,0.14036889955800133,2491681.8833333333,23297.999136046245,6.04848194375,0.3458659034029278,70249,0
13.244010083333333,0.28660045221956687,1.7417159341666666,0.08468200024021749,12756352.554166667,99889.66812380787,7.6177839475,0.31665139342973153,70315,0
12.777829275,0.4360012321755259,6.748476584583333,0.6736207769564875,1181421439.25,114135989.0647474,1.9113274395833333,0.19194071151307576,70388,0
12.742333779166668,0.4405926640069036,6.834371234583333,0.6804944457102485,11701463516.25,1137718921.7126372,1.8818801208333333,0.18801454084850946,70404,0
13.2448934,0.2829994637223296,2.91073349125,0.25785801258486735,542648.3087083333,11825.951113179564,4.582410259583333,0.37524439538505827,70431,0
13.2453492375,0.2869269630373558,2.057411554583333,0.12121487075653971,2922182529.1666665,24121609.44716886,6.456258680833334,0.3360584570240702,70521,0
13.235985066666666,0.28743238737173793,3.41957753375,0.3715311054158978,2882200.66875,112107.16966182704,3.9125716341666665,0.397880257013968,70554,0
13.076560379166667,0.35151535386087984,5.6212573175,0.6549578998932213,15181116408.333334,1381891251.041607,2.35653765875,0.27015294002394497,70580,0
13.24046975,0.2905720962788779,1.68650160625,0.08063483781056005,5555628.429166666,42654.44914309022,7.864283847916667,0.3161205739386353,70610,0
13.246423441666666,0.28520654843076637,2.3797292866666666,0.16647552041890504,6880764.770416667,76413.19282939448,5.58993206875,0.3553462938165926,70654,0
13.218669479166667,0.29510846711850813,4.075637242083333,0.4874692224523082,3850948.140833333,230561.04165373903,3.2867772441666667,0.37431132275189,70708,0
13.246386791666668,0.2819380246586936,3.0353918291666666,0.28669254986659554,5566836.6625,142588.11023545623,4.399332619166667,0.3870758063277896,70731,0
13.242455129166666,0.2880238422684769,3.0256868120833333,0.28836986380174895,2133091.1883333335,54976.12307099656,4.412532804166666,0.38944544883707716,70800,0
13.244577075,0.28379392432407036,3.1335695083333333,0.30651093689192893,2048727.87625,58722.11165688565,4.2634591925,0.3885605063819357,70840,0
13.227605570833333,0.2931445272116223,3.7873819975,0.4427413986092447,645411018,33023720.899921756,3.5365644041666666,0.388182850519975,70842,0
13.237304445833333,0.28829701338084435,3.3940157858333335,0.363233041666328,109494278.08333333,4107036.3664984936,3.9408056120833335,0.391318736327488,70887,0
13.238238358333334,0.2899954191427313,1.5121920483333333,0.0645526431567815,621678456.1666666,4792499.350095191,8.765378743333333,0.30078115411373496,70907,0
13.110332304166667,0.34301314812532857,5.3770170575,0.6325309471504637,251357188333.33334,22011941242.361298,2.47053100375,0.2852067339041676,71131,0
13.227275629166666,0.29290613234574725,3.842728489166667,0.4534804492703024,747481420.3333334,39641412.12422564,3.4864214458333334,0.38634133942316135,71137,0
13.238668175,0.28839892644946125,3.3588917483333334,0.35063128926939613,8769398750,315631137.57642454,3.980754091666667,0.3893305279543653,71145,0
13.1482480875,0.3268247525019502,5.058025967083333,0.6108975960549436,3154777.6995833335,262921.2395066469,2.6357592720833334,0.310779844572366,71355,0
13.015623845833334,0.3751522083802832,5.938749615833333,0.6582199352439378,845764902.0416666,78073160.63104519,2.2172808254166667,0.24206415567054126,71459,0
13.241668733333332,0.2873634786559784,3.0870804525,0.30001848942864373,315265500.4166667,8649482.428663675,4.325808400833333,0.38780562434372845,71501,0
13.1475411125,0.3272826562405813,5.0482644458333334,0.609950185669324,832815.3588333334,68974.39353267236,2.64046338875,0.30920513668538385,71512,0
13.219219808333333,0.2975852559959151,3.9838234454166668,0.4798265010567498,41747630329.166664,2424843934.8033442,3.36297937375,0.383270026126773,71691,0
13.2375586,0.2885079635028847,1.3559869395833333,0.05191561283466355,3990184.814583333,31106.12690284785,9.771419919583334,0.2889446881499666,71753,0
13.118815704166666,0.33347536562382046,5.304335190833333,0.6312292699941066,171489063.875,14856870.512544729,2.5067703983333334,0.29203384801709914,71824,0
13.2212250875,0.2953519757054263,3.96008516125,0.4755440854348473,9381168.637083333,535258.5063604295,3.383248956666667,0.38292727027695245,72019,0
13.2507789375,0.2806214675123572,2.6875799620833334,0.21817970644570062,8141682.4825,133073.51155620255,4.9592083420833335,0.3697509313680054,72033,0
13.2469251375,0.2829417221945997,2.6062177770833332,0.2031476755622612,7760245.05625,114270.94066118394,5.1100381625,0.3648430331116712,72038,0
13.238506720833334,0.2867141736238437,3.3777780991666666,0.3579474301428231,1982451.7508333332,73144.43619025749,3.9594748275,0.39127173205954296,72267,0
13.248080441666668,0.2829816551236475,2.7576422245833334,0.22684260950197893,4111248.49125,73259.21280503707,4.833220885,0.3682901144061891,72327,0
12.756415633333333,0.43283062392538824,6.791420651666667,0.6710184259462244,116339576.80833334,11201533.050889883,1.8957069175,0.18847633175332962,72430,0
13.1724258125,0.3160452275047687,4.803996432083333,0.5868764888535374,3420455736.25,269690618.8312109,2.7808707466666664,0.32898917578437664,72993,0
12.4594747875,0.4809714968484228,7.3450196058333335,0.6784712497484635,360352111.9583333,35459250.63549226,1.7097675425,0.16032637538202343,73429,0
13.2049912125,0.30325199681606174,4.300970309583334,0.5316942292572092,2610579.5616666665,176025.86072601582,3.1141678775,0.36625852768052714,73482,0
12.610261004166667,0.46910407776728935,7.106533852916667,0.685523625896605,421104.69954166666,41324.30312091826,1.78977867375,0.17283624847786722,73498,0
13.095457891666667,0.346242515539138,5.487100097083333,0.6447561773297161,12578833581.25,1130756119.4285095,2.4182547270833332,0.27992687684299744,73673,0
11.724393375416666,0.5072309884027795,8.1585098575,0.6838081799097556,1375839542.6666667,140337469.13223,1.4461876175,0.1252912044107432,73728,0
13.236294416666667,0.28529614965015143,3.4612709575,0.3738847490111391,1763551.2633333334,70105.02425739597,3.86494550125,0.38995520064982486,73754,0
13.234568816666666,0.2855062943589943,3.5327252341666666,0.38378122853464425,4898772.932916666,203329.85463851172,3.78691567375,0.38560113563588977,73786,0
13.246153895833332,0.28131420534237356,2.9055736933333334,0.25480281469906635,290863389750,6189365134.281558,4.590540850416667,0.3744222683698065,74063,0
13.248019283333333,0.2839105818867228,2.4185309983333334,0.17362897187138646,1110543.6104166666,12895.19331099112,5.502242485,0.35919516489475456,74177,0
13.2472181125,0.2856227818681208,2.39361083125,0.17091486941997194,8407064.014166666,94995.67908834078,5.558745075833333,0.35867587425098674,74496,0
13.227299183333333,0.290261905581108,3.7927019654166667,0.44094876706506236,1660310.4704166667,84804.6641196809,3.531115246666667,0.38608991247107044,74836,0
13.223213170833333,0.2981516376950494,3.8405104458333335,0.45621736395921186,1572004.8004166668,83832.73824468517,3.4877782683333334,0.387878209871052,74866,0
13.2501777,0.28122631325028247,2.2788732158333334,0.1505693211872144,63623234.025,630560.7372271431,5.836240720416667,0.35076602470038865,75566,0
13.243412441666667,0.2868444675018048,1.7400667,0.0850863615817206,159564813666.66666,1219240989.3609266,7.6247406416666665,0.31635943666858113,75584,0
13.1692826,0.318884393104168,4.846465064583334,0.6002796965074607,3881856351.6666665,313007297.84795344,2.7569257475,0.3307447441564502,75585,0
13.0423899125,0.3644436618515542,5.820251075,0.6498952278301231,2953813156.25,270810963.5312505,2.2678285054166665,0.2518803760117513,75663,0
13.031865683333333,0.36988976888943564,5.849471767083333,0.660973120767899,4285794304.5833335,395453985.18708813,2.25507772125,0.25144891669110947,76295,0
12.945746029166667,0.39192460398104556,6.233395865416667,0.6784978732031935,22669396512.5,2182001413.17806,2.10041070625,0.22763044176945274,76552,0
13.073819825,0.35497635726678356,5.625953649583334,0.6571716928030127,118228164.31666666,10890953.598103866,2.3543269829166666,0.27142796718965523,76633,0
13.106451383333333,0.3465227947793968,5.4066139575,0.6370129143487517,4439638.368333333,390468.5126600203,2.4564231616666667,0.2844797944608244,76831,0
13.190339825,0.30695588042012034,4.561135924583334,0.5668414703227644,1703538.5520833333,126331.62102548723,2.93403305375,0.34990314269503914,77183,0
13.243564170833332,0.28344285092488514,1.6165812908333332,0.07266770274350222,10657451.916666666,82277.03968480835,8.204478271666666,0.3070944746867601,77713,0
13.164140645833333,0.3200796834073587,4.86720169,0.5964673701568091,497558.00879166665,39868.668178593725,2.74337644875,0.32644309700987784,77729,0
12.270204833333333,0.4873726345049972,7.5985318025,0.6814120751254079,4699001780.416667,464298580.28562284,1.6267275629166666,0.14795051513176102,77759,0
12.989300404166666,0.38358975107871934,6.060805935416667,0.675909465746094,5038331159.166667,477588243.53378725,2.16852787125,0.2382643729342779,77923,0
13.243799395833333,0.28399162692508817,3.0780638133333333,0.29346112261927,718604.4179583334,19274.008966511632,4.337921607916667,0.3825974098515237,78008,0
13.2477440375,0.2826509646022927,1.9758136479166666,0.11085612495406766,11344127225,92197632.09055951,6.722223505833333,0.33314935201315027,78194,0
13.244175966666667,0.28692500501990054,1.6685780266666668,0.07810938186844106,63272047.8625,489864.12677705206,7.950337073333333,0.3114026803808708,78554,0
12.601107716666666,0.4641788068278745,7.11400147875,0.6855874458345529,316665703.9166667,31263718.096763317,1.7867372270833333,0.1738990491241313,78766,0
13.249971645833334,0.2831363082247978,2.23812856,0.14544358765830032,8709374.248333333,84045.15909007055,5.941319285,0.3463106763055425,78986,0
12.952360275,0.39542731041895307,6.207195154583333,0.6846776757904941,346429677.375,33379240.28603144,2.110890573333333,0.2308364054469267,79107,0
12.777668341666667,0.4359210036906275,6.750480754583333,0.6806545386042442,8378871.089583334,814840.638233205,1.9110894570833334,0.19355533333738284,79139,0
13.158228825,0.320591584653994,4.925246815416667,0.6080962027953429,86640994800,7145956491.686552,2.7104795204166665,0.32570078411851394,79145,0
13.242496216666666,0.2864173246957109,1.4539612341666666,0.05951590935634721,15131283.291666666,117806.80817267632,9.118245946666667,0.2978106693082904,79256,0
13.191513579166667,0.31005569861994126,4.512467964583333,0.5553083244250158,947229.371625,68326.85344978175,2.9649172870833334,0.34876132385180203,79368,0
12.4313218,0.485392338046248,7.4004626191666665,0.6910016718477742,45823749.075,4578903.513272962,1.693343915,0.15984770787719846,79375,0
13.2430102625,0.28760967451617636,2.98462588875,0.2761788693452213,6000031.08625,143906.34396500947,4.471137647916667,0.38144808699700533,79376,0
13.247560354166668,0.2831465125892263,1.9920943304166667,0.1125285446307211,6342149.542083333,51033.182980224,6.667319312083333,0.33023603264885926,79425,0
13.242827433333334,0.2865599368206184,1.9739213879166666,0.11101078849039661,8747211.175416667,72416.65415517935,6.7260511054166665,0.3306384225189088,79507,0
13.2406709,0.2838903908267652,3.3181849333333333,0.34481822862883665,4714041.437083334,163443.6217193633,4.029637027083333,0.39010276367555863,79683,0
13.095054795833333,0.3479968609211398,5.487863265,0.6489856540260375,1061324663.6666666,95516666.48336282,2.4181601841666667,0.28092784419580286,79768,0
13.174984133333334,0.3141454514461042,4.77167951875,0.5865682071541775,473203538.9583333,36981139.14929944,2.8007355725,0.3330806737860579,79806,0
13.068042070833334,0.3589418975693762,5.6598099670833335,0.65934518476041,2936538408.3333335,271771589.7717393,2.3391147008333335,0.26999873205925784,79980,0
13.245226733333332,0.2826435384718808,1.6942805366666667,0.07957039002215166,8162823.439583333,62543.87206003701,7.830598000416667,0.31016411408688194,80094,0
12.872097625,0.4142017774264258,6.48993806875,0.6801377152726168,22091461204.166668,2141547321.9088495,2.0041546479166668,0.2098419784775912,80164,0
13.139057104166668,0.3268458836924284,5.139628735,0.6197557032735135,930117.981125,78762.49312186798,2.591882094583333,0.3043054266275551,80480,0
13.0970542125,0.3486831794524549,5.485773495,0.6499318252932946,7466672098.333333,674030028.1003841,2.4195540504166666,0.28145924084498275,80521,0
12.768068379166667,0.4395604711755051,6.763327120416666,0.6799471007052451,181386987.25,17468038.48021967,1.9057212675,0.1907404493660896,80665,0
13.2389933375,0.2882383627990943,3.3241029879166666,0.3463630624881145,3100137592.9166665,108167369.76967023,4.021998244166666,0.3891924867502236,80934,0
13.245341154166667,0.28657755522263567,3.0077774954166667,0.2825334999183965,26781947766.666668,667802409.4882162,4.438747669166666,0.3864026671992375,81162,0
13.097033216666667,0.3447766259709254,5.451249609583333,0.6410763201102517,1940562488.3333333,172204322.80024552,2.434429775,0.2812969489704552,81237,0
12.634653991666667,0.4554614776033561,7.0569986770833335,0.6812815235360675,87214445879.16667,8556168732.892023,1.8060818179166667,0.17621822081084224,81411,0
13.2461293,0.28250432943234016,2.1185427225,0.12781350319526605,2671986.537916667,23234.005379365703,6.271482860416667,0.33744383227081104,81643,0
13.164136820833333,0.32159947060039606,4.880598695,0.5981519768722091,11730812291.666666,941070469.591945,2.7357029925,0.3244649612635499,81661,0
13.2248367375,0.2926810864958179,3.8642589733333335,0.45749508657398635,4971203380.416667,268577207.40646946,3.466569685,0.3850442932301408,81827,0
13.231543420833333,0.28799675281233494,3.673295953333333,0.4206331295956876,691183962.5416666,32860980.390644386,3.6454695316666665,0.3906128072336739,81942,0
12.8802625375,0.41410693173172747,6.46243458125,0.6846978260477691,2434286785.8333335,236524336.29628187,2.014438885,0.21335033394815658,82177,0
13.243509695833334,0.2852510641072289,3.1141765791666667,0.2977434306161952,141624444541.66666,3912168101.9898415,4.287761082916667,0.37992609201102884,82470,0
12.716566883333334,0.4457249248877019,6.899675228333333,0.6764186999668861,415879386.4583333,40202275.36891488,1.8598034333333333,0.18374706135725577,83165,0
12.590991320833334,0.4650824358484859,7.1345874875,0.6793221468770522,28657363.5875,2821961.692163222,1.7798037870833334,0.17170402293755682,83246,0
13.247009541666667,0.28331741651175285,2.5934197083333332,0.20132412245491935,1998491.8425,28995.200186811468,5.135097144583334,0.36572751075207044,83392,0
13.223110625,0.2937888510463782,3.9548519391666668,0.47388402836307997,539675855.5,30764638.354451112,3.3882314058333334,0.38450799928742724,83594,0
12.885785541666667,0.4105784700478006,6.4553688454166664,0.6624983319664713,1197235.923375,114206.39490043641,2.0163152779166666,0.20843616924682606,83947,0
13.212011733333334,0.2995187061945696,4.155346611666666,0.510731743003326,13970187.8625,885539.2849524788,3.2241154758333335,0.3742209608420817,84967,0
13.205733629166666,0.301511191426237,4.209748219166666,0.5176235203307229,8291571.932916666,537118.8722637186,3.1810701295833335,0.3701037661876533,85012,0
13.245700858333333,0.28548645607679607,2.476646639166667,0.18243073610126548,18688220195.833332,234108130.02022707,5.373635869166667,0.36196053010763624,85114,0
13.029324245833333,0.3749265574629717,5.88143553375,0.6630077377565906,98683277.35416667,9211277.58624329,2.242310310416667,0.25027326018202495,86127,0
13.108067866666667,0.3400610006811865,5.39748779625,0.6345172977012469,28803352.166666668,2530827.318435804,2.460813610833333,0.2845601959807466,86223,0
13.240020941666666,0.2873976962655971,3.233254252916667,0.3282958789499408,15170418.241666667,487092.0466877789,4.133247430416667,0.38957215914829874,86517,0
13.247877508333334,0.28364713003670133,2.5117896995833333,0.1878472017187914,10616895550,138303038.02626488,5.3001214325,0.3620124517082103,86682,0
12.420478429166666,0.48393682329462007,7.394003666666666,0.6820918727998107,388722.70404166664,38292.56417996639,1.6929881008333334,0.15792596214589447,86769,0
13.021325008333333,0.3723591538000989,5.9119932925,0.6611892682783083,9104114123.333334,845486323.7364777,2.2289645704166667,0.247026874869861,86776,0
12.237039470833333,0.4925071144222621,7.644513480833333,0.6837389835175041,9194963853.333334,917998962.5285951,1.6125203591666666,0.14681116702582997,87125,0
13.239282329166667,0.28931504036750194,3.32743226,0.34599984750922064,967124009.2916666,33815514.0305354,4.018016069583333,0.3891351833947137,87174,0
13.21451645,0.2969805700760393,4.1176432325,0.49598346653976716,1450567.6470833332,88740.98501238773,3.2527441945833333,0.37203150614016056,87405,0
13.035509879166666,0.36574817241131863,5.860219520416667,0.6525703985486369,7818948.79375,718967.1263618782,2.2509278,0.2486573870544885,87410,0
13.113404929166666,0.3409284758355064,5.332203673333333,0.6365996899486888,3998945.40375,352540.1076014824,2.49283353125,0.2915583446680364,87504,0
13.240846354166667,0.2833603355932731,3.32766393375,0.3454228641369266,917744413.0833334,32157699.851683035,4.01834061625,0.390604614783035,87653,0
12.942348320833334,0.3936285867750554,6.258163067083333,0.6823108141271471,434012535.4583333,41875180.17170306,2.0915729645833334,0.22671663153692406,88343,0
12.510386045833334,0.4771934371961251,7.278791128333333,0.6809235522750727,39202242.9375,3865169.3623504527,1.7327871229166667,0.1646095805050331,88554,0
13.144194975,0.3277505190484526,5.095030453333333,0.615096870832811,10340464.405833334,865339.0812943921,2.6157440408333335,0.30794106083869566,88883,0
13.105785270833334,0.3419653408374386,5.42019282375,0.6417479795238988,417314397.875,37251955.63129765,2.450510866666667,0.28527308991897027,89052,0
12.284751425,0.4881323404925272,7.578279638333333,0.6783904191168734,3777546425.4166665,374188972.8785366,1.6330819466666666,0.14969427254475542,89150,0
10.94918254125,0.5311382042002921,8.654829907083334,0.6865348891083412,1626658775,170582398.76732525,1.2719800067083333,0.10598679178264075,89481,0
13.228346608333334,0.29128045102365596,3.7607109470833335,0.44301517315597383,10063889.994166667,511793.06370682584,3.56236772125,0.3923256894835646,89884,0
13.2151621,0.29567009002633154,4.078945359166666,0.49492775442304887,6617341.7725,401680.61241208715,3.28434807375,0.37783188643165394,89896,0
13.149709633333334,0.3258060146769325,5.04007654375,0.6125721790640052,126898160.375,10583797.117987223,2.645834875,0.31325954619680707,90002,0
13.076193029166667,0.3556414062093533,5.588763608333333,0.649939008424957,11430480070,1036097322.8390853,2.3700743808333335,0.2714893049086126,90299,0
13.244466591666667,0.2900498075219181,1.8154105345833333,0.09348835459704026,3441405.412916667,26670.5866196723,7.310645959583334,0.3235047798883034,90576,0
12.9505647875,0.39684408728856874,6.233513117916667,0.6651682960246734,270014879.7916667,25407918.48611373,2.1001926425,0.22333449131290178,90616,0
13.247944158333333,0.28189248260734306,2.3270029320833334,0.15797775681276263,3366637.497916667,35373.6063483284,5.715822434583333,0.3529141444357011,90732,0
13.206980941666666,0.3031089289475489,4.266915169583333,0.5248997354338163,3802888457.0833335,251597975.33682576,3.13893258125,0.36672722219202475,90865,0
11.99243964,0.5007820905104279,7.91371180125,0.6882290679766512,2430905260.8333335,244877643.3618248,1.525792455,0.13552868706470242,91240,0
13.2402243875,0.2903072102569623,1.4970599041666666,0.06341065037750654,89664867.64583333,690947.0154452614,8.854990340833334,0.29827181387016505,91567,0
13.249340145833333,0.2846747417769163,2.5009138466666667,0.1859761443499478,757554.0589166667,9834.348007941844,5.323403515,0.36121282537919464,91878,0
13.244389379166666,0.2851323143515595,1.9890086929166666,0.11221028631080181,8273341.7075,67965.95944535703,6.676021433333333,0.33087948588853533,91929,0
13.089859683333334,0.34680612715172143,5.52326697125,0.6523399308970677,23437628095.833332,2124831701.324287,2.4016803608333332,0.2790202688265743,91970,0
13.173383441666667,0.31687757176439646,4.762844114583333,0.5919138490801159,3264364573.3333335,257669685.29548246,2.8064815175,0.3375642091604474,92090,0
13.163522166666667,0.32293561629600964,4.883182374583333,0.6021512201375265,727787972.9583334,58902543.11002493,2.7347143295833334,0.32712703493255724,92145,0
12.7404746375,0.44491153388177573,6.83763912375,0.6849184898213062,104814776.72916667,10229830.374949107,1.8809128104166666,0.18903992795115812,92454,0
13.247536520833334,0.2835246258802583,2.4551675025,0.1765557461137022,33963417.425,405004.29509512155,5.419968117083333,0.3535553061784522,92685,0
13.248713175,0.2824767972208096,1.9954175320833334,0.111322346988012,516826792.7083333,4186956.837754626,6.65646346,0.3281362537234145,92846,0
12.821294583333334,0.4302280854268526,6.6352590495833335,0.6715570766607517,69402871.00833334,6655298.455532378,1.9511093870833334,0.19833648435513473,92962,0
13.2374541625,0.28729064942880694,3.2930889966666665,0.3390486379063301,1740370485.4166667,58955092.72269686,4.058427941666666,0.3878588840784041,93357,0
13.156396904166666,0.32332652753726826,4.950029579583333,0.6058561440483465,150662626.16666666,12327854.754803622,2.6956819654166666,0.31987379934880183,93555,0
13.244486883333334,0.2871434861058496,1.9427758595833333,0.1071990685028238,3223153.410833333,25558.29410858874,6.834020727916666,0.3297573568978669,94363,0
13.228333083333334,0.2911378282923525,3.7318664533333332,0.4279845366036546,524386047.4583333,25627550.034924764,3.5876885104166667,0.3863279735272532,94698,0
13.209514308333333,0.3014519137678258,4.203170272083334,0.5148352381614019,5703400.239166667,366840.23186250875,3.18674281125,0.37044524986588623,95110,0
13.244068729166667,0.2843373966095231,1.7921136629166667,0.08989101089095153,124128445.83333333,972651.5124165305,7.40465799625,0.3190584408487088,95471,0
13.246663416666667,0.28378405560904724,2.2264957258333333,0.14325341951429968,42083075.45,398754.499118072,5.97052149625,0.3463351662478336,95473,0
12.4922521,0.48206875573318614,7.295953552916667,0.6861085906811918,25880144.958333332,2557570.3701217105,1.7262789220833332,0.16429305399569868,95563,0
13.1924199,0.3063739376389459,4.517171582916666,0.5619648086433037,681276609.5833334,49813995.00707287,2.963133862083333,0.3534110050806895,95692,0
13.145739783333333,0.32555647256605774,5.0861689666666665,0.6189640984100335,3639949.3779166667,306048.1926367717,2.6212515983333335,0.3114954237306233,95797,0
13.240350566666667,0.28871082291452416,1.53336731,0.06598058567229557,12327674.433333334,94205.06103394378,8.6460373925,0.30185341026536316,96118,0
13.181477770833334,0.3114233251191326,4.659115640416666,0.5791592848264111,6826352.33875,523088.02313472907,2.8705577729166665,0.34334122351929464,96217,0
12.939878579166667,0.40151315705885454,6.271693735,0.6753069985774286,11541102.608333332,1105666.8004051265,2.08605934125,0.22362864235611749,96312,0
13.122275045833334,0.3318646304882157,5.307562435833334,0.6319951032668671,151346334.70833334,13165376.052634703,2.506047533333333,0.2930484321107133,96626,0
12.998108175,0.377695937320239,6.02445388,0.6756648889577789,121904233.38333334,11595734.842738077,2.1836183020833335,0.2430781589933995,96934,0
13.246692004166666,0.28353797698309535,2.091604542083333,0.12433755743622492,3728577.50125,31975.14308635261,6.351860605,0.33579857564729326,97058,0
13.017897270833334,0.3721594421269377,5.945283612916667,0.6642714526171193,3980086694.1666665,372111398.9383049,2.21588296875,0.24567417659322524,97433,0
13.225036320833333,0.2940622678763886,3.8626405875,0.44901159159923637,732720590.75,38753246.5187209,3.4666497483333334,0.3795364906058431,97538,0
13.010331445833334,0.3758017397791826,5.97428064,0.6673646715203067,61308923.1,5771060.91353257,2.2037451525,0.24367770388734564,97566,0
13.230101945833333,0.2909451059874975,3.70981251125,0.4280378227229667,78302344254.16667,3792896436.814747,3.60997286625,0.39041059859231453,97695,0
13.0831984875,0.3482315184367009,5.556158920416666,0.6520314820613319,5842110515.833333,529605594.96699345,2.385810106666667,0.2752212190598492,97756,0
13.245175545833334,0.2857184222851438,2.463349227916667,0.17864847162204306,6869042.770416667,84080.31562187283,5.401477185416667,0.35629766118209477,98100,0
13.2486033875,0.28363467042430235,2.2915336783333333,0.1522020626625117,17933291.958333332,178870.3958511197,5.80335381,0.3476989477216042,98272,0
13.2488643375,0.2815676496205204,2.0911131816666666,0.12411407259443896,4446260.745416666,38129.27164447755,6.354378255416667,0.3357912821267356,98591,0
13.245321575,0.2856387870957799,2.79063534125,0.240848238995589,3433398.3641666668,65100.04944187015,4.777918300416666,0.37996254375333005,98808,0
13.05816245,0.3644019851497977,5.722566890416667,0.6540643592125581,4572804602.916667,417606740.5807164,2.3105073166666665,0.26124554278124507,99020,0
13.240462508333334,0.28573405644614214,3.23797238625,0.3312718702475768,9077764.56625,295174.8792427847,4.127972487083333,0.39214090926846523,99947,0
13.225075583333334,0.29511835289662813,3.8988101741666665,0.4564563121319205,420824268.2916667,22728058.952096343,3.4350271404166666,0.3781434535892287,99963,0
13.247159525,0.28399381412490354,2.4249205225,0.17267917005560474,4689047.6625,54321.33217791294,5.4871193116666666,0.35751913188115364,100188,0
13.246205883333333,0.28484858631432,1.69066570875,0.07986061839524812,2145170664.5833333,16488234.193871308,7.848152544166667,0.3148670101295361,100556,0
13.238324795833334,0.2876489026114108,1.2795958395833333,0.04711253146408401,245234179,1886536.8546218916,10.35421496375,0.2852315664259228,100641,0
13.216857333333333,0.2972641005118447,4.07503877,0.4899709551472149,5331292.62875,321951.6186393796,3.287179200833333,0.3756560443825882,100777,0
13.243165420833334,0.2836270699312999,2.9283918725,0.2651898744128394,628272414,14178673.015085258,4.555631284583334,0.381101382833224,100799,0
13.247211033333333,0.28119783199281984,2.1130246941666666,0.12679364763018733,2244967929.5833335,19557222.36196421,6.288179339166667,0.33670125477169943,101929,0
13.162551929166666,0.32208307588121116,4.898673847916666,0.6053261317798503,2806338.7925,229552.15781972135,2.72577843375,0.3249691710891065,101944,0
13.2433163875,0.2865579049539034,2.7639125095833332,0.2329517299542472,170466128000,3122933211.2122946,4.82185966125,0.3746887987997113,101960,0
13.248608379166667,0.28292816805928783,2.5292162204166666,0.18966287075758462,116962186833.33333,1559241792.0152369,5.26401331625,0.36004357985162433,102050,0
13.245706933333333,0.2878767666148609,2.0550583295833333,0.12103038824492449,86945336.0625,730559.6458878319,6.463714857916667,0.3344557641752684,102117,0
13.20424925,0.3021493438277168,4.344816449166666,0.534159202048171,4171361.47125,284297.9151587962,3.0821457683333335,0.36126626097836717,102389,0
13.016110704166667,0.37230705283529586,5.940555041666666,0.6612074721762773,63447506.8,5900599.094748866,2.21714384375,0.2451009258642901,102649,0
13.214964491666667,0.2979015986797133,4.139614849166667,0.5063667647591149,938997.318375,58614.499133363235,3.236973025833333,0.3760152003882726,102670,0
13.230844283333333,0.28928781043228513,3.6573067883333334,0.40969957612976027,23012983.216666665,1056872.9107109068,3.6592764491666667,0.3830854640539414,103172,0
13.115418175,0.33830050043197896,5.342234931666667,0.6417598286649043,3879604.1479166667,342955.5890404415,2.48893676625,0.29237708217754454,103426,0
13.232842291666667,0.2916214731975331,3.47448849,0.37620808147876794,3042066.20125,121845.00908804999,3.849348052083333,0.3884802498422621,103825,0
12.7768287125,0.44079220595768676,6.747368685,0.6876292802799461,105844714.55416666,10368492.342386462,1.9121591516666667,0.19492036804064425,103983,0
13.138024266666667,0.32863874396967224,5.155268119583333,0.6222128083196855,97013776441.66667,8260251025.7119,2.583811046666667,0.30319267641433745,104163,0
13.235549654166666,0.2931408531517539,3.4228420275,0.3685350213221987,33296578758.333332,1282422271.9459872,3.9077068141666667,0.39185143551854834,104191,0
13.243421829166667,0.2890919839521155,1.8999538095833333,0.1027635347577684,22383140.9875,177593.17211271776,6.986625137916667,0.3281114401207107,104560,0
13.2500626625,0.2812090031361098,2.2007086383333334,0.13786942640517966,1325571.3266666667,12368.694504949935,6.040887563333333,0.34122672097232565,104771,0
13.2364874375,0.2893260790283756,3.418956241666667,0.36904261525323145,7110527.556666667,273809.64539737237,3.9125310870833334,0.3922822214513851,105672,0
13.192255983333334,0.30690032383017296,4.540270501666667,0.5630317962638065,5993109.420416667,440144.66901424865,2.9477451779166666,0.35061398465491195,105850,0
13.198983791666667,0.30484087503114143,4.391966142083334,0.5439935434829185,9010464597.916666,627139875.1365037,3.0486244866666667,0.36083384410392216,106021,0
13.165888070833333,0.31962682363845996,4.885844209583333,0.5955887111010835,186454119.41666666,14919902.897265865,2.7327761320833335,0.32290298316755683,106044,0
13.061037908333333,0.3620847854280148,5.720666150416666,0.6563771736766699,7424845312.916667,679430205.6601918,2.3119731270833332,0.26190716737077,106115,0
13.247237854166666,0.2872861147105207,2.64162761625,0.21226731334481688,58945301.67916667,921072.9525438036,5.04341760625,0.3717316634544553,107153,0
12.977237404166667,0.38723668065856526,6.122160389583334,0.676320679685804,56508739070.833336,5371848620.649198,2.1444055608333334,0.2343641954917584,107371,0
13.243119266666667,0.2888918252894594,1.9206871304166666,0.10430308062175085,170930920.16666666,1367921.1494592575,6.911178324583333,0.3256295681144682,107645,0
13.2454682625,0.28590006946522317,2.2933857483333333,0.15242261476380556,5086108.3654166665,51456.119191735255,5.79733166125,0.3480244189560468,107924,0
13.026731695833334,0.37498207356899504,5.8782275295833335,0.6688843322010757,1717422.59125,161544.596341041,2.243700352083333,0.25343824326850944,107970,0
13.180265870833333,0.3162493248352647,4.680602339583333,0.5829900316259529,92714259.67916666,7126408.114095243,2.857258165833333,0.34235094708792807,107976,0
13.212634354166667,0.3015526097453418,4.16123624625,0.5077846018967528,95758667.2,6036689.573819656,3.21923129375,0.3726135394747893,108003,0
13.2441171125,0.28784325410577416,1.93582462125,0.10729809182985414,102220057.90416667,829294.6606397599,6.85847699125,0.3314602997430552,108106,0
13.245317325,0.2871146260195815,2.87032768375,0.252131109795964,2967771.8520833333,61865.939225140646,4.64639918125,0.3763388208171187,108217,0
13.2373474875,0.2896193137519344,3.3750804975,0.35546203870700815,4452098.944166667,162328.49241883162,3.9617023279166665,0.3882993865442204,108313,0
12.896269525,0.4111827335337529,6.411730929166667,0.676710753923884,16810565.541666668,1615913.2812810992,2.0326990820833335,0.21394569410870232,108522,0
12.0597131525,0.500844263947346,7.85010996375,0.6882862918639621,1015452362.3333334,101666635.35406691,1.54695428625,0.13808250580953765,108531,0
13.221755166666666,0.2971386540853084,3.8572726183333335,0.45517193845336346,16716292.3125,894146.6112340963,3.47171712125,0.38431264445904467,108601,0
12.893285816666667,0.41386303245264733,6.425682844583333,0.6808907203518896,8716775.25375,843048.172320457,2.0280317433333335,0.21477580981533015,108687,0
13.006387404166666,0.37889209353944175,5.99226533125,0.6683257191849923,14789848.354166666,1395573.6727165729,2.1964915470833333,0.2435125377613803,108936,0
13.044008825,0.36349064399806885,5.790496161666667,0.6668182078282876,384618199.375,35905698.25790212,2.2813394454166667,0.259560810710096,109079,0
13.234839095833333,0.2843394906410526,3.4783980491666666,0.3753849701362182,12017783.5,481561.3438785135,3.8454477225,0.3878364037357748,109566,0
13.1074140625,0.3425892808195672,5.359356204166667,0.6282897315562496,3260216.57875,284270.3673036396,2.478111407916667,0.2869186698241347,109862,0
13.242772470833334,0.2831772101156954,3.0686363179166665,0.28975129264164506,7918724.332916667,208502.31978342542,4.35037257,0.3817689965774913,109997,0
13.206606033333333,0.30102778000479097,4.24692987375,0.5108765227565603,3211651.265833333,206934.57914328357,3.1519588120833335,0.3625240369636548,110125,0
13.238621320833333,0.28701892071059354,3.33077179625,0.35297727602061785,1458598512.9166667,52086203.744308375,4.015363614583333,0.3965774837782216,110163,0
13.07893945,0.35292380703691517,5.605425647083333,0.6437987738570754,877818.0542916667,78596.27272449227,2.3627290454166667,0.2668944237461117,110502,0
13.243851183333334,0.28615643570811133,1.8847904675,0.09962845858348623,5565239.47625,44792.84806182509,7.0423255975,0.3241597672248156,110938,0
13.026166658333333,0.373280912441711,5.88320066375,0.6588536247438603,15212501037.5,1407608799.6423965,2.2406809333333335,0.24791400076984618,111028,0
13.248007208333334,0.2836525955142943,2.3064031508333334,0.1550057530322137,1577472450,16119184.051716262,5.766331024583334,0.3514856493574459,111099,0
13.126691725,0.33626058035116674,5.251377447083334,0.629270562319152,4882327.429166666,421475.6177945813,2.53391479375,0.29627540385677686,112001,0
12.976102858333334,0.3868341433546587,6.120208308333333,0.6785449470317614,22033420.75,2116964.1532195,2.145291795,0.23726827912626589,112147,0
12.849717083333333,0.4180221455392642,6.55875016875,0.6724633017170581,218642116.66666666,21017526.419500988,1.9788031970833333,0.20340861949424124,112450,0
13.2476966625,0.28330546126979944,2.26552045875,0.14957037099248746,95474554.675,940596.6323080122,5.869242736666667,0.34839974354170117,112477,0
13.221139083333334,0.2942038128069343,3.9636629783333333,0.4731131907099123,5436894.66625,310115.5844439458,3.3797884233333333,0.3816732702285941,112709,0
13.238981075,0.2892138397095755,3.4289981966666665,0.3723013645030709,4903208.492083333,191717.9412310698,3.9024259791666664,0.3947270324208297,112782,0
13.242030795833333,0.2868239342507626,2.8509565075,0.2502366260689141,3264806.5654166667,66625.3518558868,4.676670326666667,0.37724887806843566,112889,0
13.133273195833333,0.3333169595821686,5.18724971,0.6284803605727406,41039195.37916667,3534518.156407341,2.5672003033333333,0.3022803221038464,112928,0
13.0518782125,0.3648676403764059,5.751083606666667,0.6625434420740978,18858591612.5,1753929889.4834092,2.298436007083333,0.2621691275734292,113427,0
13.247210766666667,0.28273059900353215,1.995279315,0.11228058071919376,387567267.3333333,3216223.893888899,6.656363254583333,0.32846186542736105,113464,0
13.24563665,0.2838498406152067,2.9344438529166665,0.26576982523553366,1821972.4029166666,41025.13772526607,4.547212572916667,0.3816124928424839,113879,0
13.172023791666666,0.31671925055024597,4.775516669166667,0.5773588468401951,1296421.7,100165.93095753761,2.7966818979166668,0.328509600163593,113945,0
13.178415783333334,0.31230815820722624,4.67518844125,0.5755900515322664,4033522.0625,306679.54356228706,2.85915886375,0.33840172400099666,114132,0
13.245331879166667,0.28556457766058685,2.253713982083333,0.14573868571785814,15051643.208333334,145739.80643658218,5.898084425416667,0.34490636172611133,114245,0
13.239482595833334,0.29026989199783826,1.3585431595833333,0.052919578538532366,3692961.8958333335,28709.130921144402,9.7547744275,0.29172059933403527,114605,0
13.242434433333333,0.286729270968214,1.7066023216666666,0.08198292060766582,12020242.183333334,92901.42069409745,7.773066650833333,0.3154753040281076,114770,0
13.246583916666667,0.2828354508281625,2.07996384125,0.12207376709603163,53349164.170833334,451280.05177243816,6.386860854166667,0.33341108075504056,114833,0
12.714706329166667,0.44589185765708766,6.89616539875,0.683916856454695,403238699.7916667,39579555.75308504,1.8608496816666666,0.1855134353429086,114849,0
13.168878241666667,0.31792599746361716,4.82618956,0.5945790708717131,5421117.053333334,432571.3399971924,2.767867524166667,0.3291602031373816,114910,0
12.993551766666666,0.38303553321378236,6.0362897858333335,0.6633211908682687,1695673435,158349570.08527115,2.177455011666667,0.23733654564216175,114931,0
13.21422315,0.2982252541033403,4.0664997475,0.4935191513093902,12176571.608333332,733816.9316907077,3.2939261325,0.37723517427958275,115523,0
13.22388965,0.2929162918055732,3.8640209475,0.4558709428407699,19143151.158333335,1029113.2033392692,3.466273114583333,0.38399112333573143,116072,0
13.241331045833334,0.2851890258464706,3.143312100416667,0.30818355859576657,3420476.2295833332,100256.98567869897,4.2491579066666665,0.3860860345337926,116125,0
13.0151744625,0.3772957144918647,5.94174554,0.6597527859226873,51871586795.833336,4819649360.768488,2.2163385041666666,0.24384219349067288,116747,0
13.245431295833333,0.28394551646839034,1.89016775125,0.10048272531336365,11828654387500,93215270236.11382,7.02335947125,0.3253708998656552,116812,0
13.225529495833333,0.2917890066707958,3.7062882341666668,0.4212934857680428,129832355,6188931.258415844,3.61081308875,0.3843757301244903,117192,0
13.0697903875,0.3579287169290136,5.657303759166667,0.6467474842929454,597690626.5833334,54299565.18251414,2.3394268233333335,0.26575548960675827,117631,0
13.238856404166667,0.2840188946728288,3.406585510833333,0.3578439542813176,12884038.5375,475413.1672856733,3.9252542025,0.38293478397236647,117866,0
12.005398785416666,0.4974884533701231,7.8961821675,0.6804060516547445,19088500766.666668,1917807608.8232708,1.53074520375,0.13587729199491042,119477,0
12.318469225,0.4937744368840605,7.553550378333333,0.6768760020220492,9642232.212083334,954437.9185555461,1.6429197904166666,0.1506332328854171,119740,0
13.246362541666667,0.28398928229023995,2.5612157066666668,0.19408473335220702,3111157.1816666666,42926.04186196197,5.198075391666666,0.3616457837938742,120389,0
12.814540291666667,0.42962114739559826,6.659689487916666,0.6834128140746889,33628010308.333332,3301078678.050482,1.9435918679166666,0.20130175757162044,120821,0
13.188314920833333,0.3090675652201527,4.5626656525,0.5657221234766003,630508814.1666666,46937675.89893183,2.9325930445833333,0.3504808329326825,121409,0
13.248839404166667,0.28260532396455107,2.5724177170833333,0.1976618940738397,114495975.625,1621192.7459263348,5.17729233625,0.3666634949711071,122804,0
12.96741085,0.3880962451167952,6.143580078333334,0.6790478365473529,479592577.7916667,45815337.3215176,2.1352668945833333,0.23305752189373447,123278,0
13.246937316666667,0.28386628637351224,2.4114528945833333,0.17196757438802893,20718377575,239904133.70276964,5.517692795833334,0.359206298539207,123614,0
13.146631916666667,0.3257976199026122,5.069855376666666,0.6199821817864448,2021011.2633333334,171030.7854213262,2.6301036116666667,0.3131774916484937,124172,0
12.913440170833333,0.40696541915508044,6.36600252,0.6741149561373873,37537131.175,3585567.897374031,2.0501332670833334,0.2158195873716074,124823,0
13.244953004166666,0.2859909062162815,2.8061996983333333,0.2404091769381745,6947796.394166667,133162.85352900773,4.750690892083333,0.3737743805734268,125231,0
13.2473360375,0.28337919558941244,2.6598761554166668,0.21224727620816264,221540096.08333334,3476231.3350135754,5.008456840833333,0.36629100690258387,125759,0
13.245252870833333,0.2835806694794785,1.7203768470833334,0.08161196445259028,52731082.395833336,403014.7316231207,7.712188838333334,0.3105613175980578,126262,0
13.212328333333334,0.29824182100807695,4.1915948625,0.5184445832520278,12624889.775,815203.3342456896,3.1970668175,0.3744191064236916,128429,0
13.0304527125,0.36636617976765484,5.85995776875,0.6625493107863193,6507303.537916667,604254.546024917,2.2507949679166668,0.2507164562340462,128898,0
13.246584295833333,0.28681356581937784,2.59181005375,0.2016752794396196,1687935.32875,24536.570759201106,5.1381539045833335,0.36588391002551485,129923,0
12.959371191666667,0.39125408482323487,6.176060427916667,0.6728452484377769,11772720008.333334,1120936881.2381885,2.1220932825,0.2292204442577485,130587,0
13.244990091666667,0.28538914892725303,2.9141156620833333,0.26121464761303165,36954621.17916667,819016.9103179945,4.577823732083333,0.37865197104418946,131051,0
13.248666045833334,0.28316762546126123,2.4676087583333333,0.17960712104796606,78158715.525,953661.4850071139,5.393908632083333,0.35875936873913417,131096,0
13.239510325,0.2904526932041067,1.43902258875,0.05919825206608323,10092700943.75,77466428.35298769,9.210836075416667,0.3005716776632251,131126,0
13.24745835,0.2842009216037793,2.184209315,0.13686578740995103,16294763.991666667,149726.72756204673,6.08528901625,0.3437184861354313,132224,0
13.244947595833333,0.2833792971521954,3.0498717366666668,0.2877908804496103,2024931.8829166666,52367.11667931521,4.377701015416666,0.3827937289815333,132438,0
13.245156316666666,0.2827449039507685,2.5585298579166666,0.19620793022264435,19081312.925,268157.5393694741,5.203563493333333,0.36405436779059447,133221,0
13.124097583333333,0.33983889124921135,5.267728485416667,0.6363415458247372,28545515.495833334,2501752.4667868004,2.5261896504166668,0.29844576318252036,133594,0
13.2200883,0.2971242787490659,3.9723484216666667,0.48072299694914433,7666309.017083333,444380.36895248044,3.37304082,0.3837039731122616,133667,0
13.2008961125,0.3027419861695686,4.335822795,0.5282236710392341,2804779.1708333334,188090.91964587595,3.0868908816666667,0.3579936397814834,134391,0
13.211619366666667,0.30083721366570626,4.1383638275,0.49751886953233354,2915324.472916667,178642.43210499207,3.2353790333333334,0.36811139887080785,134630,0
12.6164638125,0.46030627369116767,7.0921316425,0.6787680329145456,4141829.4391666665,405654.76139732497,1.7942606425,0.17377217764720193,134715,0
13.230435966666667,0.2901432979212529,3.720795105,0.43061234521831376,3233303.868333333,158787.45083522904,3.5997211445833335,0.3909809280404411,134813,0
13.146100995833333,0.3290339085729609,5.0830303670833334,0.6155493853204711,38229341670.833336,3223824287.586951,2.6226298116666666,0.31055453846114184,134934,0
13.2131823625,0.2970654846442541,4.1454668195833335,0.5072232361843281,6296986000,396736976.46155167,3.2318446404166665,0.37449064999041404,135220,0
13.213846925,0.300677809026117,4.054523655416666,0.4915208175660226,127476587.54166667,7670271.214089533,3.3033699329166666,0.3771776731879787,135746,0
13.205113133333333,0.30231171711735716,4.267672435416666,0.5236366189038367,1337804199.1666667,88384069.09601931,3.137902024583333,0.36691164301290485,135864,0
13.24480035,0.2823275886407171,2.16322365,0.13279328429003423,23352409.45,210096.42339132662,6.142007218333333,0.33574016081295904,135929,0
13.213317554166666,0.29856428648252015,4.14689712375,0.5022532729500933,550516263.6666666,34319419.446440145,3.2301432483333334,0.3731205634914951,136001,0
13.121709120833334,0.33723441079248273,5.281299196666667,0.6372943753443523,11694083.4525,1025579.7877434207,2.5191710020833336,0.297319219212106,136219,0
13.026992958333333,0.3732234236449348,5.88032777125,0.6579700357693368,2622656.0995833334,241484.5221310097,2.2417914645833332,0.24705604399738396,137844,0
13.249031404166667,0.28074640789823024,2.3140290016666665,0.1551674275964604,1067480.7054166666,10988.009211377732,5.747674020833333,0.34910609433211043,138611,0
13.246381920833333,0.28448178667625923,2.2776626525,0.15081010963712924,43663426.71666667,438828.9636867195,5.8375332916666665,0.34826404184442683,138628,0
13.234596533333333,0.29151183994711105,3.5636861133333335,0.40235343813773944,4837104.329166667,212486.07570665746,3.757101085,0.39606397681347283,139187,0
13.163182045833333,0.32010591102189784,4.8883028091666665,0.6031892135167009,2191137873.75,177619031.84170958,2.73174897125,0.326298969617108,139550,0
13.225596175,0.29436586090335287,3.829178285833333,0.4522911717422618,5230612.479166667,276142.7043231181,3.4982804470833333,0.38735421559087013,139556,0
13.20711655,0.29948462299324524,4.2806188504166665,0.5209716149845003,10186130.787916666,671588.7170345295,3.12818221875,0.3627779995262192,139916,0
13.248304216666666,0.28464627863786307,2.2103088654166667,0.14052064949200807,1830799473.3333333,17116567.562389236,6.01448171125,0.34527025953763985,140530,0
12.4835139625,0.4765836027586339,7.31440617125,0.679422217820043,413105638.25,40549854.9871363,1.7204107670833333,0.16216677069495153,140716,0
13.105620570833333,0.3403312615772185,5.4154119525,0.64190357599825,663079032.8333334,58790438.5803822,2.4526404204166665,0.2851179961579351,141003,0
12.206203933333333,0.49781722490447006,7.68704886,0.6793042343770344,57919225.270833336,5763213.25839452,1.5992999416666667,0.1448304581524732,141328,0
13.245810879166667,0.28626518926571354,2.3164237725,0.1562270424561681,15230178.716666667,158712.7246181799,5.740566837916667,0.35090073423436624,142120,0
13.247428275,0.2843471248228108,2.410388028333333,0.17053046264783012,67804696216.666664,780790213.3312793,5.51989950375,0.35616767362955426,142334,0
12.3837256625,0.48556941054193103,7.4606371275,0.6844017825593366,27294637012.5,2715961465.767351,1.6728542741666668,0.15652122783511918,142498,0
13.2331050625,0.2914182543508753,3.598451912083333,0.40770700508975366,637350851.75,28796407.4635863,3.720746179583333,0.3941803899458673,142731,0
13.238012675,0.2843446562542107,3.4377792120833335,0.36284633538956645,15327712.633333333,578920.9344619066,3.890091725,0.38416421850563925,142799,0
13.143194716666667,0.329320764464272,5.09872902125,0.6149630961515948,2532183.33375,212502.25832464304,2.6136683745833333,0.3082687487474976,142999,0
12.451078491666667,0.47696309178787294,7.367671873333333,0.685292609764203,36955460.916666664,3657572.6029310613,1.7035334133333333,0.16046788250821623,143158,0
12.942440679166667,0.39484015910799136,6.259297029583333,0.6699280157596486,12284535.79875,1168947.207227123,2.090417164583333,0.22326835641630594,143650,0
13.24341075,0.2875117642999667,2.7537723320833334,0.22962148046386976,1863389.7391666668,33321.25421280781,4.83887941375,0.37070334025006463,143835,0
13.177352283333333,0.315731185589922,4.721047148333334,0.5914577861787441,4242075249.1666665,331517031.1115144,2.83265659,0.34163820065786665,144015,0
13.202305120833334,0.30427400549717454,4.30989534,0.5305584783174605,4129949537.0833335,279447361.31405425,3.1069616345833335,0.36616572478315634,144383,0
13.233269316666666,0.29074102347045344,3.6006963675,0.4120324766706377,380836693.25,17392964.63565384,3.71937628,0.39801419303570573,144493,0
13.246622025,0.2846291179845852,2.1591072875,0.1347558336246388,17108367.733333334,154239.78136098778,6.15529396625,0.3431408280259853,144811,0
13.247747395833333,0.2823830605806988,2.4442622395833333,0.17297515683227505,1099205015.8333333,12993934.224476648,5.4435772,0.35142225682515427,145031,0
13.187519866666667,0.3113509798162013,4.51275976875,0.551376988651852,18623124.233333334,1333306.6273440318,2.9634940020833334,0.348217734980384,145304,0
12.720843175,0.4498116719214397,6.872495825833333,0.6819772653365624,246586457.75,24022229.922602948,1.8680949129166666,0.18575176584875466,145338,0
13.246800858333334,0.2842129865101185,2.3490631158333333,0.1602041336299085,22286677.304166667,237942.8019140106,5.661869513333333,0.35154179190705603,145563,0
13.1605135,0.3222767208633761,4.925662182083333,0.6014318873350473,2583123489.5833335,209204930.57229626,2.7097443758333335,0.32114758918437647,145623,0
13.012051995833334,0.3758225788207311,5.97328288625,0.6628390061928217,4011744917.9166665,375010270.54236853,2.204159639583333,0.24306875622469074,145843,0
13.245371804166666,0.284546444419954,1.719368865,0.08173005834226456,103017797379.16667,792489692.5496346,7.716919474166667,0.3136170048222086,146435,0
12.978341870833333,0.383685226980149,6.121535855,0.6604075266268196,134057591.04166667,12577838.72837485,2.1438257133333334,0.2308100968199454,146619,0
13.248037504166666,0.28304661966136435,2.5068636625,0.1881703949910844,5415690.4225,70391.91903306474,5.31082751375,0.3644138232298268,146872,0
12.730875083333334,0.4460499005741788,6.848817683333333,0.6826512823744736,426111385.0833333,41457489.69393969,1.8762139725,0.18735562674754125,147384,0
13.232370720833334,0.2925090274167228,3.6595891766666666,0.41714860980559604,28105539.858333334,1312060.1012075867,3.6589564333333335,0.3901812256311551,147389,0
13.2358649125,0.2887857752113999,3.4580197108333333,0.3804427889847502,970637.9304583333,39090.16321755135,3.8697933670833335,0.3956880837650535,147605,0
13.2346546625,0.2895179334451245,3.39146387375,0.3604860997683593,767001.1297083333,28526.278297284294,3.942514055416667,0.39006688068883333,148895,0
13.139425595833334,0.3277724149532266,5.155861909583333,0.6300703980042437,3857654.27125,331946.62217483774,2.5849539375,0.30916173278293485,148925,0
13.234367275,0.28959876979374777,3.4534870458333335,0.37444346839298115,868101.8558333333,34457.108671669135,3.873476805416667,0.39276430747563684,149491,0
13.231318058333333,0.2911718935229023,3.6206987941666666,0.4042538346447547,9325099.534166666,417962.145037825,3.6962036758333334,0.3866085843347355,150178,0
13.24093235,0.2894122732414898,3.1460285104166665,0.31567567434829524,31601723770.833332,941644957.9263656,4.247135642083333,0.3949982518593425,150704,0
12.935463275,0.3950062023453174,6.28770169,0.669652454212136,47478236762.5,4518351448.601338,2.07960881125,0.22089860823666607,150836,0
13.2231642125,0.2943183697825443,3.81883653625,0.4424953254474843,32601958.358333334,1681186.2422010275,3.505444405,0.38110752802163206,150953,0
12.6015822875,0.464836903955198,7.1153966183333335,0.6723921095083605,6611171615,638778901.923178,1.7857915308333334,0.17025551031767305,151652,0
13.187032604166667,0.30869673891039173,4.567866054166666,0.5642866321560036,10982360.26625,811603.646926665,2.92849080625,0.34719743818161175,151657,0
12.204559258333333,0.49588634440974183,7.685278928333333,0.6808385507613399,1425862.2230833333,142368.95709959406,1.5995152641666666,0.14515745567797292,151895,0
12.908273566666667,0.40372432876099207,6.367552602916667,0.6701226330135519,382129236.375,36100765.594870344,2.0485098570833333,0.21398482310736142,152018,0
13.246197475,0.28692917331325596,2.1984492,0.14063766938544744,9737853065,91105368.21515518,6.046042119166667,0.3461719850747042,154722,0
13.179154595833333,0.31403722439859655,4.681814697083333,0.5830570231486168,198106916.54166666,15313477.908348529,2.856488922916667,0.34413752060423614,154730,0
12.9784441,0.3882841291314849,6.12024581,0.6714976397493158,85280035.75416666,8061425.829478651,2.1449422470833333,0.23315360713751532,154804,0
13.243811645833333,0.28445487810112824,2.952992455,0.26785664418266597,87577533.18333334,2005883.2608280994,4.518060659583333,0.3791268200749563,154835,0
12.960749179166667,0.3870433426446425,6.17576672875,0.6731493700562949,2146900481.25,203432663.844643,2.122430855416667,0.22917207183983043,155206,0
13.245375008333333,0.2868634781146683,2.6142958383333332,0.20717444364647483,315023.2127916667,4689.828561935097,5.094516092916667,0.36890219192499274,155406,0
13.143361766666667,0.32928886103687494,5.077000951666666,0.6212523288543261,51975847108.333336,4403354702.774815,2.6258478570833335,0.3131792027768169,156441,0
13.098761025,0.34807085567114016,5.4507989991666665,0.6440695657217681,20025343908.333332,1788027770.7283416,2.4352008666666665,0.2824454551995789,156640,0
12.4245442125,0.47783505705498885,7.396682537916667,0.6914381588697833,187076657375,18702153893.081223,1.6933839841666667,0.16025863894836678,157071,0
13.243391908333333,0.28579650004913454,3.03307284125,0.28920330847914405,12682086070.833334,326860644.9871974,4.40201478875,0.3871383995144538,157726,0
13.246774879166667,0.28834381565536454,2.425018039583333,0.17427970874104715,42293961.67916667,494574.2931635662,5.48689274875,0.3566388176626219,158000,0
13.239820441666666,0.2849438005248269,3.3217864129166665,0.3470855426828898,11911576.883333333,417420.201657336,4.025459311666666,0.39219557189171367,158269,0
13.246108029166667,0.2862643803286152,2.7744745404166666,0.23730463708674426,81298565.94583334,1525321.0984105226,4.80550898875,0.3797186060872888,158476,0
13.2420988,0.2840325948402439,3.0281794041666665,0.28800459990829197,3075294.629583333,78884.6678819079,4.40868662375,0.38870223906065365,158547,0
12.706683041666667,0.45323596816581085,6.918992666666667,0.6824443429408409,7481927071.25,734910437.0773399,1.8533234304166666,0.1839005165649654,159788,0
